chat_json,message_id,date,text,entities
"{
    ""_"": ""Chat"",
    ""id"": -1001483488834,
    ""type"": ""ChatType.CHANNEL"",
    ""is_verified"": false,
    ""is_restricted"": false,
    ""is_creator"": false,
    ""is_scam"": false,
    ""is_fake"": false,
    ""title"": ""Data jobs — вакансии по data science, анализу данных, аналитике, искусственному интеллекту"",
    ""username"": ""datajob"",
    ""photo"": {
        ""_"": ""ChatPhoto"",
        ""small_file_id"": ""AQADAgADybIxGxn9wUoAEAIAA76x7tIW____oRgnwqaE044ABB4E"",
        ""small_photo_unique_id"": ""AgADybIxGxn9wUo"",
        ""big_file_id"": ""AQADAgADybIxGxn9wUoAEAMAA76x7tIW____oRgnwqaE044ABB4E"",
        ""big_photo_unique_id"": ""AgADybIxGxn9wUo""
    },
    ""dc_id"": 2,
    ""has_protected_content"": false
}",778,2023-08-17 20:02:03,"👨🏻‍💻 Machine Learning Engineer (ML)

AlliesVerse — компания разработчик универсальной платформы управления бизнесом, в поисках ML инженера

 Что почём?

▪️Senior
▪️250 000 - 350 000 ₽
▪️Удалённая работа

📩 Изучить вакансию","[
    {
        ""_"": ""MessageEntity"",
        ""type"": ""MessageEntityType.BOLD"",
        ""offset"": 8,
        ""length"": 32
    },
    {
        ""_"": ""MessageEntity"",
        ""type"": ""MessageEntityType.BOLD"",
        ""offset"": 144,
        ""length"": 12
    },
    {
        ""_"": ""MessageEntity"",
        ""type"": ""MessageEntityType.TEXT_LINK"",
        ""offset"": 210,
        ""length"": 16,
        ""url"": ""https://hh.ru/vacancy/85185375""
    }
]"
"{
    ""_"": ""Chat"",
    ""id"": -1001483488834,
    ""type"": ""ChatType.CHANNEL"",
    ""is_verified"": false,
    ""is_restricted"": false,
    ""is_creator"": false,
    ""is_scam"": false,
    ""is_fake"": false,
    ""title"": ""Data jobs — вакансии по data science, анализу данных, аналитике, искусственному интеллекту"",
    ""username"": ""datajob"",
    ""photo"": {
        ""_"": ""ChatPhoto"",
        ""small_file_id"": ""AQADAgADybIxGxn9wUoAEAIAA76x7tIW____oRgnwqaE044ABB4E"",
        ""small_photo_unique_id"": ""AgADybIxGxn9wUo"",
        ""big_file_id"": ""AQADAgADybIxGxn9wUoAEAMAA76x7tIW____oRgnwqaE044ABB4E"",
        ""big_photo_unique_id"": ""AgADybIxGxn9wUo""
    },
    ""dc_id"": 2,
    ""has_protected_content"": false
}",777,2023-08-17 15:35:54,"👨🏻‍💻 Data Scientist (Middle)

Финансовая компания Центрофинанс, приглашает Data Scientist'а

 Что почём?

▪️Middle
▪️150 000 - 180 000 ₽
▪️Удалённая работа

📩 Изучить вакансию","[
    {
        ""_"": ""MessageEntity"",
        ""type"": ""MessageEntityType.BOLD"",
        ""offset"": 8,
        ""length"": 25
    },
    {
        ""_"": ""MessageEntity"",
        ""type"": ""MessageEntityType.BOLD"",
        ""offset"": 97,
        ""length"": 12
    },
    {
        ""_"": ""MessageEntity"",
        ""type"": ""MessageEntityType.TEXT_LINK"",
        ""offset"": 163,
        ""length"": 16,
        ""url"": ""https://hh.ru/vacancy/85255041""
    }
]"
"{
    ""_"": ""Chat"",
    ""id"": -1001483488834,
    ""type"": ""ChatType.CHANNEL"",
    ""is_verified"": false,
    ""is_restricted"": false,
    ""is_creator"": false,
    ""is_scam"": false,
    ""is_fake"": false,
    ""title"": ""Data jobs — вакансии по data science, анализу данных, аналитике, искусственному интеллекту"",
    ""username"": ""datajob"",
    ""photo"": {
        ""_"": ""ChatPhoto"",
        ""small_file_id"": ""AQADAgADybIxGxn9wUoAEAIAA76x7tIW____oRgnwqaE044ABB4E"",
        ""small_photo_unique_id"": ""AgADybIxGxn9wUo"",
        ""big_file_id"": ""AQADAgADybIxGxn9wUoAEAMAA76x7tIW____oRgnwqaE044ABB4E"",
        ""big_photo_unique_id"": ""AgADybIxGxn9wUo""
    },
    ""dc_id"": 2,
    ""has_protected_content"": false
}",776,2023-08-16 20:03:01,"👨🏻‍💻 Data Scientist

Лаборатория Умного Вождения — компания разработчик решений для водителей, автопроизводителей, страховых компаний, автодилеров и автопарков, в поисках Data Scientist

 Что почём?

▪️Senior
▪️От 250 000 ₽
▪️Офис (Москва) / Гибрид

📩 Изучить вакансию","[
    {
        ""_"": ""MessageEntity"",
        ""type"": ""MessageEntityType.BOLD"",
        ""offset"": 8,
        ""length"": 16
    },
    {
        ""_"": ""MessageEntity"",
        ""type"": ""MessageEntityType.BOLD"",
        ""offset"": 191,
        ""length"": 12
    },
    {
        ""_"": ""MessageEntity"",
        ""type"": ""MessageEntityType.TEXT_LINK"",
        ""offset"": 256,
        ""length"": 16,
        ""url"": ""https://hh.ru/vacancy/84998255""
    }
]"
"{
    ""_"": ""Chat"",
    ""id"": -1001483488834,
    ""type"": ""ChatType.CHANNEL"",
    ""is_verified"": false,
    ""is_restricted"": false,
    ""is_creator"": false,
    ""is_scam"": false,
    ""is_fake"": false,
    ""title"": ""Data jobs — вакансии по data science, анализу данных, аналитике, искусственному интеллекту"",
    ""username"": ""datajob"",
    ""photo"": {
        ""_"": ""ChatPhoto"",
        ""small_file_id"": ""AQADAgADybIxGxn9wUoAEAIAA76x7tIW____oRgnwqaE044ABB4E"",
        ""small_photo_unique_id"": ""AgADybIxGxn9wUo"",
        ""big_file_id"": ""AQADAgADybIxGxn9wUoAEAMAA76x7tIW____oRgnwqaE044ABB4E"",
        ""big_photo_unique_id"": ""AgADybIxGxn9wUo""
    },
    ""dc_id"": 2,
    ""has_protected_content"": false
}",775,2023-08-16 09:02:01,"👨🏻‍💻 Data Team Lead

Команда разрабатывающая систему бронирования авиабилетов Clickavia, ищет руководителя направления Data (Data Team Lead), который сможет построить данное направление с нуля

Что почём?

▪️Lead
▪️4000 - 6500 $
▪️Удалёнка

📩 Изучить вакансию","[
    {
        ""_"": ""MessageEntity"",
        ""type"": ""MessageEntityType.BOLD"",
        ""offset"": 8,
        ""length"": 16
    },
    {
        ""_"": ""MessageEntity"",
        ""type"": ""MessageEntityType.BOLD"",
        ""offset"": 197,
        ""length"": 12
    },
    {
        ""_"": ""MessageEntity"",
        ""type"": ""MessageEntityType.TEXT_LINK"",
        ""offset"": 247,
        ""length"": 16,
        ""url"": ""https://career.habr.com/vacancies/1000128528""
    }
]"
"{
    ""_"": ""Chat"",
    ""id"": -1001483488834,
    ""type"": ""ChatType.CHANNEL"",
    ""is_verified"": false,
    ""is_restricted"": false,
    ""is_creator"": false,
    ""is_scam"": false,
    ""is_fake"": false,
    ""title"": ""Data jobs — вакансии по data science, анализу данных, аналитике, искусственному интеллекту"",
    ""username"": ""datajob"",
    ""photo"": {
        ""_"": ""ChatPhoto"",
        ""small_file_id"": ""AQADAgADybIxGxn9wUoAEAIAA76x7tIW____oRgnwqaE044ABB4E"",
        ""small_photo_unique_id"": ""AgADybIxGxn9wUo"",
        ""big_file_id"": ""AQADAgADybIxGxn9wUoAEAMAA76x7tIW____oRgnwqaE044ABB4E"",
        ""big_photo_unique_id"": ""AgADybIxGxn9wUo""
    },
    ""dc_id"": 2,
    ""has_protected_content"": false
}",774,2023-08-15 20:01:02,"👨🏻‍💻 Категорийный аналитик

Кабель.РФ (ООО ""Электропоставщик"") — интернет-проект  по продаже электротехнической и общепромышленной продукции в России, в поисках аналитика

Что почём?

▪️Middle
▪️150 000 - 200 000 ₽
▪️Удалёнка / Офис (Саранск)

📩 Изучить вакансию","[
    {
        ""_"": ""MessageEntity"",
        ""type"": ""MessageEntityType.BOLD"",
        ""offset"": 8,
        ""length"": 23
    },
    {
        ""_"": ""MessageEntity"",
        ""type"": ""MessageEntityType.URL"",
        ""offset"": 31,
        ""length"": 9
    },
    {
        ""_"": ""MessageEntity"",
        ""type"": ""MessageEntityType.BOLD"",
        ""offset"": 175,
        ""length"": 12
    },
    {
        ""_"": ""MessageEntity"",
        ""type"": ""MessageEntityType.TEXT_LINK"",
        ""offset"": 250,
        ""length"": 16,
        ""url"": ""https://hh.ru/vacancy/85018465""
    }
]"
"{
    ""_"": ""Chat"",
    ""id"": -1001483488834,
    ""type"": ""ChatType.CHANNEL"",
    ""is_verified"": false,
    ""is_restricted"": false,
    ""is_creator"": false,
    ""is_scam"": false,
    ""is_fake"": false,
    ""title"": ""Data jobs — вакансии по data science, анализу данных, аналитике, искусственному интеллекту"",
    ""username"": ""datajob"",
    ""photo"": {
        ""_"": ""ChatPhoto"",
        ""small_file_id"": ""AQADAgADybIxGxn9wUoAEAIAA76x7tIW____oRgnwqaE044ABB4E"",
        ""small_photo_unique_id"": ""AgADybIxGxn9wUo"",
        ""big_file_id"": ""AQADAgADybIxGxn9wUoAEAMAA76x7tIW____oRgnwqaE044ABB4E"",
        ""big_photo_unique_id"": ""AgADybIxGxn9wUo""
    },
    ""dc_id"": 2,
    ""has_protected_content"": false
}",773,2023-08-15 09:02:02,"👨🏻‍💻 Младший аналитик данных

SMS Traffic — является крупным игроком на рынке коммуникации компаний и клиентов,  при помощи различных каналов связи, ищет младшего аналитика данных

Что почём?

▪️Junior
▪️До 100 000 ₽
▪️Офис (Москва)

📩 Изучить вакансию","[
    {
        ""_"": ""MessageEntity"",
        ""type"": ""MessageEntityType.BOLD"",
        ""offset"": 8,
        ""length"": 25
    },
    {
        ""_"": ""MessageEntity"",
        ""type"": ""MessageEntityType.BOLD"",
        ""offset"": 184,
        ""length"": 12
    },
    {
        ""_"": ""MessageEntity"",
        ""type"": ""MessageEntityType.TEXT_LINK"",
        ""offset"": 240,
        ""length"": 16,
        ""url"": ""https://hh.ru/vacancy/85060745""
    }
]"
"{
    ""_"": ""Chat"",
    ""id"": -1001483488834,
    ""type"": ""ChatType.CHANNEL"",
    ""is_verified"": false,
    ""is_restricted"": false,
    ""is_creator"": false,
    ""is_scam"": false,
    ""is_fake"": false,
    ""title"": ""Data jobs — вакансии по data science, анализу данных, аналитике, искусственному интеллекту"",
    ""username"": ""datajob"",
    ""photo"": {
        ""_"": ""ChatPhoto"",
        ""small_file_id"": ""AQADAgADybIxGxn9wUoAEAIAA76x7tIW____oRgnwqaE044ABB4E"",
        ""small_photo_unique_id"": ""AgADybIxGxn9wUo"",
        ""big_file_id"": ""AQADAgADybIxGxn9wUoAEAMAA76x7tIW____oRgnwqaE044ABB4E"",
        ""big_photo_unique_id"": ""AgADybIxGxn9wUo""
    },
    ""dc_id"": 2,
    ""has_protected_content"": false
}",772,2023-08-14 20:02:08,"👨🏻‍💻 Senior MLOps-инженер

Rubbles — компания занимающаяся разработкой ПО, анализом данных и машинным обучением, для различных индустрий, ищет Senior MLOps-инженера, способного проектировать, разрабатывать и поддерживать MLOps-платформы

Что почём?

▪️Senior
▪️260 000 - 380 000 ₽
▪️Офис (Москва) / Гибрид / Удалёнка (в пределах РФ)

📩 Изучить вакансию","[
    {
        ""_"": ""MessageEntity"",
        ""type"": ""MessageEntityType.BOLD"",
        ""offset"": 8,
        ""length"": 22
    },
    {
        ""_"": ""MessageEntity"",
        ""type"": ""MessageEntityType.BOLD"",
        ""offset"": 241,
        ""length"": 12
    },
    {
        ""_"": ""MessageEntity"",
        ""type"": ""MessageEntityType.TEXT_LINK"",
        ""offset"": 340,
        ""length"": 16,
        ""url"": ""https://career.habr.com/vacancies/1000128287""
    }
]"
"{
    ""_"": ""Chat"",
    ""id"": -1001483488834,
    ""type"": ""ChatType.CHANNEL"",
    ""is_verified"": false,
    ""is_restricted"": false,
    ""is_creator"": false,
    ""is_scam"": false,
    ""is_fake"": false,
    ""title"": ""Data jobs — вакансии по data science, анализу данных, аналитике, искусственному интеллекту"",
    ""username"": ""datajob"",
    ""photo"": {
        ""_"": ""ChatPhoto"",
        ""small_file_id"": ""AQADAgADybIxGxn9wUoAEAIAA76x7tIW____oRgnwqaE044ABB4E"",
        ""small_photo_unique_id"": ""AgADybIxGxn9wUo"",
        ""big_file_id"": ""AQADAgADybIxGxn9wUoAEAMAA76x7tIW____oRgnwqaE044ABB4E"",
        ""big_photo_unique_id"": ""AgADybIxGxn9wUo""
    },
    ""dc_id"": 2,
    ""has_protected_content"": false
}",771,2023-08-14 09:01:01,"👨🏻‍💻 Data-аналитик

UPMETRIC — продуктовая IT компания, создающая  MarTech SaaS решения для ритейлеров, ищет аналитика данных

 Что почём?

▪️Middle
▪️От 130 000 ₽
▪️Удалённая работа

📩 Изучить вакансию","[
    {
        ""_"": ""MessageEntity"",
        ""type"": ""MessageEntityType.BOLD"",
        ""offset"": 8,
        ""length"": 15
    },
    {
        ""_"": ""MessageEntity"",
        ""type"": ""MessageEntityType.BOLD"",
        ""offset"": 131,
        ""length"": 12
    },
    {
        ""_"": ""MessageEntity"",
        ""type"": ""MessageEntityType.TEXT_LINK"",
        ""offset"": 190,
        ""length"": 16,
        ""url"": ""https://hh.ru/vacancy/84829177""
    }
]"
"{
    ""_"": ""Chat"",
    ""id"": -1001483488834,
    ""type"": ""ChatType.CHANNEL"",
    ""is_verified"": false,
    ""is_restricted"": false,
    ""is_creator"": false,
    ""is_scam"": false,
    ""is_fake"": false,
    ""title"": ""Data jobs — вакансии по data science, анализу данных, аналитике, искусственному интеллекту"",
    ""username"": ""datajob"",
    ""photo"": {
        ""_"": ""ChatPhoto"",
        ""small_file_id"": ""AQADAgADybIxGxn9wUoAEAIAA76x7tIW____oRgnwqaE044ABB4E"",
        ""small_photo_unique_id"": ""AgADybIxGxn9wUo"",
        ""big_file_id"": ""AQADAgADybIxGxn9wUoAEAMAA76x7tIW____oRgnwqaE044ABB4E"",
        ""big_photo_unique_id"": ""AgADybIxGxn9wUo""
    },
    ""dc_id"": 2,
    ""has_protected_content"": false
}",770,2023-08-13 09:01:19,"#дайджест #DataJobs

Вакансии в аналитике и Data Science с удалённым форматом работы

▪️Data Scientist (Прогнозирование)
Удалёнка / Москва, Sportmaster Lab
Подробнее

▪️ML-инженер
Удалёнка / Москва, Тинькофф
Подробнее

▪️Data Scientist (Senior)
Удалёнка, Росбанк
Подробнее

▪️Аналитик данных (EdTech)
Удалёнка, LinguaTrip — EdTech, онлайн-платформа для изучения иностранных языков
Подробнее

▪️Senior/ Lead Machine Learning Engineer
Удалёнка, Ассистагро — agritech компания
Подробнее

▪️Data Engineer
Удалёнка, МегаФон
Подробнее

▪️Data Scientist (Machine Learning for Tabular Data)
Удалёнка, BIA-Technologies — бизнес-интеграция и разработка программных решений для бизнеса
Подробнее

▪️Head of Data Science
Удалёнка, Лента — продуктовый ритейл
Подробнее

Понравились вакансии?
❤️ — да
🤔 — нет","[
    {
        ""_"": ""MessageEntity"",
        ""type"": ""MessageEntityType.HASHTAG"",
        ""offset"": 0,
        ""length"": 9
    },
    {
        ""_"": ""MessageEntity"",
        ""type"": ""MessageEntityType.HASHTAG"",
        ""offset"": 10,
        ""length"": 9
    },
    {
        ""_"": ""MessageEntity"",
        ""type"": ""MessageEntityType.BOLD"",
        ""offset"": 88,
        ""length"": 33
    },
    {
        ""_"": ""MessageEntity"",
        ""type"": ""MessageEntityType.TEXT_LINK"",
        ""offset"": 156,
        ""length"": 11,
        ""url"": ""https://career.habr.com/vacancies/1000125149""
    },
    {
        ""_"": ""MessageEntity"",
        ""type"": ""MessageEntityType.BOLD"",
        ""offset"": 169,
        ""length"": 11
    },
    {
        ""_"": ""MessageEntity"",
        ""type"": ""MessageEntityType.TEXT_LINK"",
        ""offset"": 208,
        ""length"": 11,
        ""url"": ""https://career.habr.com/vacancies/1000125476""
    },
    {
        ""_"": ""MessageEntity"",
        ""type"": ""MessageEntityType.BOLD"",
        ""offset"": 221,
        ""length"": 24
    },
    {
        ""_"": ""MessageEntity"",
        ""type"": ""MessageEntityType.TEXT_LINK"",
        ""offset"": 263,
        ""length"": 11,
        ""url"": ""https://hh.ru/vacancy/79720387""
    },
    {
        ""_"": ""MessageEntity"",
        ""type"": ""MessageEntityType.BOLD"",
        ""offset"": 276,
        ""length"": 25
    },
    {
        ""_"": ""MessageEntity"",
        ""type"": ""MessageEntityType.TEXT_LINK"",
        ""offset"": 381,
        ""length"": 11,
        ""url"": ""https://hh.ru/vacancy/84429772""
    },
    {
        ""_"": ""MessageEntity"",
        ""type"": ""MessageEntityType.BOLD"",
        ""offset"": 394,
        ""length"": 39
    },
    {
        ""_"": ""MessageEntity"",
        ""type"": ""MessageEntityType.TEXT_LINK"",
        ""offset"": 474,
        ""length"": 11,
        ""url"": ""https://hh.ru/vacancy/84373035""
    },
    {
        ""_"": ""MessageEntity"",
        ""type"": ""MessageEntityType.BOLD"",
        ""offset"": 487,
        ""length"": 14
    },
    {
        ""_"": ""MessageEntity"",
        ""type"": ""MessageEntityType.TEXT_LINK"",
        ""offset"": 519,
        ""length"": 11,
        ""url"": ""https://career.habr.com/vacancies/1000128760""
    },
    {
        ""_"": ""MessageEntity"",
        ""type"": ""MessageEntityType.BOLD"",
        ""offset"": 532,
        ""length"": 51
    },
    {
        ""_"": ""MessageEntity"",
        ""type"": ""MessageEntityType.TEXT_LINK"",
        ""offset"": 675,
        ""length"": 11,
        ""url"": ""https://career.habr.com/vacancies/1000121972""
    },
    {
        ""_"": ""MessageEntity"",
        ""type"": ""MessageEntityType.BOLD"",
        ""offset"": 688,
        ""length"": 21
    },
    {
        ""_"": ""MessageEntity"",
        ""type"": ""MessageEntityType.TEXT_LINK"",
        ""offset"": 746,
        ""length"": 11,
        ""url"": ""https://hh.ru/vacancy/84215163""
    }
]"
"{
    ""_"": ""Chat"",
    ""id"": -1001483488834,
    ""type"": ""ChatType.CHANNEL"",
    ""is_verified"": false,
    ""is_restricted"": false,
    ""is_creator"": false,
    ""is_scam"": false,
    ""is_fake"": false,
    ""title"": ""Data jobs — вакансии по data science, анализу данных, аналитике, искусственному интеллекту"",
    ""username"": ""datajob"",
    ""photo"": {
        ""_"": ""ChatPhoto"",
        ""small_file_id"": ""AQADAgADybIxGxn9wUoAEAIAA76x7tIW____oRgnwqaE044ABB4E"",
        ""small_photo_unique_id"": ""AgADybIxGxn9wUo"",
        ""big_file_id"": ""AQADAgADybIxGxn9wUoAEAMAA76x7tIW____oRgnwqaE044ABB4E"",
        ""big_photo_unique_id"": ""AgADybIxGxn9wUo""
    },
    ""dc_id"": 2,
    ""has_protected_content"": false
}",769,2023-08-12 20:00:00,"👨🏻‍💻 Архитектор данных

Мастерская цифровых решений — IT-разработчик автоматизирующий бизнес-процессы, специализирующийся на электроэнергетике, ищет архитектора данных

 Что почём?

▪️Senior
▪️От 220 000 ₽
▪️Офис (Москва, м.Текстильщики) / Гибрид

📩 Изучить вакансию","[
    {
        ""_"": ""MessageEntity"",
        ""type"": ""MessageEntityType.BOLD"",
        ""offset"": 8,
        ""length"": 19
    },
    {
        ""_"": ""MessageEntity"",
        ""type"": ""MessageEntityType.BOLD"",
        ""offset"": 173,
        ""length"": 12
    },
    {
        ""_"": ""MessageEntity"",
        ""type"": ""MessageEntityType.TEXT_LINK"",
        ""offset"": 254,
        ""length"": 16,
        ""url"": ""https://hh.ru/vacancy/84931174""
    }
]"
"{
    ""_"": ""Chat"",
    ""id"": -1001483488834,
    ""type"": ""ChatType.CHANNEL"",
    ""is_verified"": false,
    ""is_restricted"": false,
    ""is_creator"": false,
    ""is_scam"": false,
    ""is_fake"": false,
    ""title"": ""Data jobs — вакансии по data science, анализу данных, аналитике, искусственному интеллекту"",
    ""username"": ""datajob"",
    ""photo"": {
        ""_"": ""ChatPhoto"",
        ""small_file_id"": ""AQADAgADybIxGxn9wUoAEAIAA76x7tIW____oRgnwqaE044ABB4E"",
        ""small_photo_unique_id"": ""AgADybIxGxn9wUo"",
        ""big_file_id"": ""AQADAgADybIxGxn9wUoAEAMAA76x7tIW____oRgnwqaE044ABB4E"",
        ""big_photo_unique_id"": ""AgADybIxGxn9wUo""
    },
    ""dc_id"": 2,
    ""has_protected_content"": false
}",768,2023-08-12 09:00:00,"👨🏻‍💻 Data Engineer/ Разработчик DWH

SpectrumData — маркетплейс данных для бизнеса,  занимающийся сбором, агрегацией, обработкой и анализом данных, в поисках разработчика DWH на продукт Кредитное бюро, хранящее и обрабатывающее миллионы кредитных историй

Что почём?

▪️Senior
▪️От 200 000 ₽
▪️Офис (Екатеринбург)

📩 Изучить вакансию","[
    {
        ""_"": ""MessageEntity"",
        ""type"": ""MessageEntityType.BOLD"",
        ""offset"": 8,
        ""length"": 32
    },
    {
        ""_"": ""MessageEntity"",
        ""type"": ""MessageEntityType.BOLD"",
        ""offset"": 259,
        ""length"": 12
    },
    {
        ""_"": ""MessageEntity"",
        ""type"": ""MessageEntityType.TEXT_LINK"",
        ""offset"": 321,
        ""length"": 16,
        ""url"": ""https://career.habr.com/vacancies/1000128491""
    }
]"
"{
    ""_"": ""Chat"",
    ""id"": -1001483488834,
    ""type"": ""ChatType.CHANNEL"",
    ""is_verified"": false,
    ""is_restricted"": false,
    ""is_creator"": false,
    ""is_scam"": false,
    ""is_fake"": false,
    ""title"": ""Data jobs — вакансии по data science, анализу данных, аналитике, искусственному интеллекту"",
    ""username"": ""datajob"",
    ""photo"": {
        ""_"": ""ChatPhoto"",
        ""small_file_id"": ""AQADAgADybIxGxn9wUoAEAIAA76x7tIW____oRgnwqaE044ABB4E"",
        ""small_photo_unique_id"": ""AgADybIxGxn9wUo"",
        ""big_file_id"": ""AQADAgADybIxGxn9wUoAEAMAA76x7tIW____oRgnwqaE044ABB4E"",
        ""big_photo_unique_id"": ""AgADybIxGxn9wUo""
    },
    ""dc_id"": 2,
    ""has_protected_content"": false
}",767,2023-08-11 20:02:01,"👨🏻‍💻BI Аналитик

Brands Go Digital — e-commerce агрегатор брендов и дистрибьютор, в поисках BI аналитика

Что почём?

▪️Middle
▪️100 000 - 200 000 ₽
▪️Удалённая работа

📩 Изучить вакансию","[
    {
        ""_"": ""MessageEntity"",
        ""type"": ""MessageEntityType.BOLD"",
        ""offset"": 7,
        ""length"": 13
    },
    {
        ""_"": ""MessageEntity"",
        ""type"": ""MessageEntityType.BOLD"",
        ""offset"": 109,
        ""length"": 12
    },
    {
        ""_"": ""MessageEntity"",
        ""type"": ""MessageEntityType.TEXT_LINK"",
        ""offset"": 175,
        ""length"": 16,
        ""url"": ""https://career.habr.com/vacancies/1000127965""
    }
]"
"{
    ""_"": ""Chat"",
    ""id"": -1001483488834,
    ""type"": ""ChatType.CHANNEL"",
    ""is_verified"": false,
    ""is_restricted"": false,
    ""is_creator"": false,
    ""is_scam"": false,
    ""is_fake"": false,
    ""title"": ""Data jobs — вакансии по data science, анализу данных, аналитике, искусственному интеллекту"",
    ""username"": ""datajob"",
    ""photo"": {
        ""_"": ""ChatPhoto"",
        ""small_file_id"": ""AQADAgADybIxGxn9wUoAEAIAA76x7tIW____oRgnwqaE044ABB4E"",
        ""small_photo_unique_id"": ""AgADybIxGxn9wUo"",
        ""big_file_id"": ""AQADAgADybIxGxn9wUoAEAMAA76x7tIW____oRgnwqaE044ABB4E"",
        ""big_photo_unique_id"": ""AgADybIxGxn9wUo""
    },
    ""dc_id"": 2,
    ""has_protected_content"": false
}",766,2023-08-11 09:00:01,"👨🏻‍💻 Senior ML Engineer (Face Recognition)

В команду Gradient — мобильное приложение для обработки селфи, требуется опытный ML инженер для решения задач связанных с Face Recognition

Что почём?

▪️Senior
▪️От 300 000 ₽
▪️Удалённая работа

📩 Изучить вакансию","[
    {
        ""_"": ""MessageEntity"",
        ""type"": ""MessageEntityType.BOLD"",
        ""offset"": 8,
        ""length"": 39
    },
    {
        ""_"": ""MessageEntity"",
        ""type"": ""MessageEntityType.BOLD"",
        ""offset"": 187,
        ""length"": 12
    },
    {
        ""_"": ""MessageEntity"",
        ""type"": ""MessageEntityType.TEXT_LINK"",
        ""offset"": 246,
        ""length"": 16,
        ""url"": ""https://hh.ru/vacancy/84451585""
    }
]"
"{
    ""_"": ""Chat"",
    ""id"": -1001483488834,
    ""type"": ""ChatType.CHANNEL"",
    ""is_verified"": false,
    ""is_restricted"": false,
    ""is_creator"": false,
    ""is_scam"": false,
    ""is_fake"": false,
    ""title"": ""Data jobs — вакансии по data science, анализу данных, аналитике, искусственному интеллекту"",
    ""username"": ""datajob"",
    ""photo"": {
        ""_"": ""ChatPhoto"",
        ""small_file_id"": ""AQADAgADybIxGxn9wUoAEAIAA76x7tIW____oRgnwqaE044ABB4E"",
        ""small_photo_unique_id"": ""AgADybIxGxn9wUo"",
        ""big_file_id"": ""AQADAgADybIxGxn9wUoAEAMAA76x7tIW____oRgnwqaE044ABB4E"",
        ""big_photo_unique_id"": ""AgADybIxGxn9wUo""
    },
    ""dc_id"": 2,
    ""has_protected_content"": false
}",765,2023-08-10 20:01:04,"👨🏻‍💻 Middle Machine Learning Engineer

Predicto — компания занимающаяся разработкой data-платформы, в рамках которой развиваются различные data-продукты (рекомендательные системы, сервисы аналитики и визуализации данных, ML-модели), в поисках Machine Learning Engineer

Что почём?

▪️Middle
▪️200 000 - 300 000 ₽
▪️ Гибрид (офис в Москве) / Удалёнка

📩 Изучить вакансию","[
    {
        ""_"": ""MessageEntity"",
        ""type"": ""MessageEntityType.BOLD"",
        ""offset"": 8,
        ""length"": 34
    },
    {
        ""_"": ""MessageEntity"",
        ""type"": ""MessageEntityType.BOLD"",
        ""offset"": 273,
        ""length"": 12
    },
    {
        ""_"": ""MessageEntity"",
        ""type"": ""MessageEntityType.TEXT_LINK"",
        ""offset"": 357,
        ""length"": 16,
        ""url"": ""https://hh.ru/vacancy/84853926""
    }
]"
"{
    ""_"": ""Chat"",
    ""id"": -1001483488834,
    ""type"": ""ChatType.CHANNEL"",
    ""is_verified"": false,
    ""is_restricted"": false,
    ""is_creator"": false,
    ""is_scam"": false,
    ""is_fake"": false,
    ""title"": ""Data jobs — вакансии по data science, анализу данных, аналитике, искусственному интеллекту"",
    ""username"": ""datajob"",
    ""photo"": {
        ""_"": ""ChatPhoto"",
        ""small_file_id"": ""AQADAgADybIxGxn9wUoAEAIAA76x7tIW____oRgnwqaE044ABB4E"",
        ""small_photo_unique_id"": ""AgADybIxGxn9wUo"",
        ""big_file_id"": ""AQADAgADybIxGxn9wUoAEAMAA76x7tIW____oRgnwqaE044ABB4E"",
        ""big_photo_unique_id"": ""AgADybIxGxn9wUo""
    },
    ""dc_id"": 2,
    ""has_protected_content"": false
}",764,2023-08-10 09:03:02,"👨🏻‍💻Data scientist (computer vision)

АО «Гознак» — производитель защищенной полиграфии, ищет Data Scientist в команду создающую  цифровые и технологические продукты в направлениях track & trace решения, технологии идентификации, биометрии и проверки подлинности

Что почём?

▪️Middle
▪️150 000 - 250 000 ₽
▪️Офис (Москва)

📩 Изучить вакансию","[
    {
        ""_"": ""MessageEntity"",
        ""type"": ""MessageEntityType.BOLD"",
        ""offset"": 7,
        ""length"": 34
    },
    {
        ""_"": ""MessageEntity"",
        ""type"": ""MessageEntityType.BOLD"",
        ""offset"": 267,
        ""length"": 12
    },
    {
        ""_"": ""MessageEntity"",
        ""type"": ""MessageEntityType.TEXT_LINK"",
        ""offset"": 330,
        ""length"": 16,
        ""url"": ""https://hh.ru/vacancy/84864167""
    }
]"
"{
    ""_"": ""Chat"",
    ""id"": -1001483488834,
    ""type"": ""ChatType.CHANNEL"",
    ""is_verified"": false,
    ""is_restricted"": false,
    ""is_creator"": false,
    ""is_scam"": false,
    ""is_fake"": false,
    ""title"": ""Data jobs — вакансии по data science, анализу данных, аналитике, искусственному интеллекту"",
    ""username"": ""datajob"",
    ""photo"": {
        ""_"": ""ChatPhoto"",
        ""small_file_id"": ""AQADAgADybIxGxn9wUoAEAIAA76x7tIW____oRgnwqaE044ABB4E"",
        ""small_photo_unique_id"": ""AgADybIxGxn9wUo"",
        ""big_file_id"": ""AQADAgADybIxGxn9wUoAEAMAA76x7tIW____oRgnwqaE044ABB4E"",
        ""big_photo_unique_id"": ""AgADybIxGxn9wUo""
    },
    ""dc_id"": 2,
    ""has_protected_content"": false
}",763,2023-08-09 20:01:01,"👨🏻‍💻Системный аналитик (банковские проекты)

Банк «Открытие» ищет ведущего системного аналитика

Что почём?

▪️Senior
▪️250 000 - 350 000 ₽
▪️Офис (Москва) / Гибрид / Удалёнка

📩 Изучить вакансию","[
    {
        ""_"": ""MessageEntity"",
        ""type"": ""MessageEntityType.BOLD"",
        ""offset"": 7,
        ""length"": 41
    },
    {
        ""_"": ""MessageEntity"",
        ""type"": ""MessageEntityType.BOLD"",
        ""offset"": 100,
        ""length"": 12
    },
    {
        ""_"": ""MessageEntity"",
        ""type"": ""MessageEntityType.TEXT_LINK"",
        ""offset"": 183,
        ""length"": 16,
        ""url"": ""https://career.habr.com/vacancies/1000128941""
    }
]"
"{
    ""_"": ""Chat"",
    ""id"": -1001483488834,
    ""type"": ""ChatType.CHANNEL"",
    ""is_verified"": false,
    ""is_restricted"": false,
    ""is_creator"": false,
    ""is_scam"": false,
    ""is_fake"": false,
    ""title"": ""Data jobs — вакансии по data science, анализу данных, аналитике, искусственному интеллекту"",
    ""username"": ""datajob"",
    ""photo"": {
        ""_"": ""ChatPhoto"",
        ""small_file_id"": ""AQADAgADybIxGxn9wUoAEAIAA76x7tIW____oRgnwqaE044ABB4E"",
        ""small_photo_unique_id"": ""AgADybIxGxn9wUo"",
        ""big_file_id"": ""AQADAgADybIxGxn9wUoAEAMAA76x7tIW____oRgnwqaE044ABB4E"",
        ""big_photo_unique_id"": ""AgADybIxGxn9wUo""
    },
    ""dc_id"": 2,
    ""has_protected_content"": false
}",762,2023-08-09 17:00:10,"👨‍💻Product analyst 

Команда Lamoda Tech в поиске Product analyst в команду аналитики продукта.

Что почём?

▪️Полная занятость, удаленно или в офисе
▪️Зарплата: по результатам собеседования
▪️Комфортные условия 

📩 Подробная информация о вакансии","[
    {
        ""_"": ""MessageEntity"",
        ""type"": ""MessageEntityType.BOLD"",
        ""offset"": 5,
        ""length"": 18
    },
    {
        ""_"": ""MessageEntity"",
        ""type"": ""MessageEntityType.ITALIC"",
        ""offset"": 5,
        ""length"": 15
    },
    {
        ""_"": ""MessageEntity"",
        ""type"": ""MessageEntityType.BOLD"",
        ""offset"": 52,
        ""length"": 15
    },
    {
        ""_"": ""MessageEntity"",
        ""type"": ""MessageEntityType.ITALIC"",
        ""offset"": 52,
        ""length"": 15
    },
    {
        ""_"": ""MessageEntity"",
        ""type"": ""MessageEntityType.BOLD"",
        ""offset"": 99,
        ""length"": 12
    },
    {
        ""_"": ""MessageEntity"",
        ""type"": ""MessageEntityType.TEXT_LINK"",
        ""offset"": 216,
        ""length"": 34,
        ""url"": ""https://job.lamoda.ru/vacancies/product-analyst-2?utm_source=telegram&utm_medium=messenger&utm_campaign=test&utm_term=09.08""
    }
]"
"{
    ""_"": ""Chat"",
    ""id"": -1001483488834,
    ""type"": ""ChatType.CHANNEL"",
    ""is_verified"": false,
    ""is_restricted"": false,
    ""is_creator"": false,
    ""is_scam"": false,
    ""is_fake"": false,
    ""title"": ""Data jobs — вакансии по data science, анализу данных, аналитике, искусственному интеллекту"",
    ""username"": ""datajob"",
    ""photo"": {
        ""_"": ""ChatPhoto"",
        ""small_file_id"": ""AQADAgADybIxGxn9wUoAEAIAA76x7tIW____oRgnwqaE044ABB4E"",
        ""small_photo_unique_id"": ""AgADybIxGxn9wUo"",
        ""big_file_id"": ""AQADAgADybIxGxn9wUoAEAMAA76x7tIW____oRgnwqaE044ABB4E"",
        ""big_photo_unique_id"": ""AgADybIxGxn9wUo""
    },
    ""dc_id"": 2,
    ""has_protected_content"": false
}",761,2023-08-09 09:01:01,"👨🏻‍💻Аналитик данных

Продуктовый ритейлер «Дикси», приглашает аналитика данных

Что почём?

▪️Middle
▪️От 190 000 ₽
▪️Офис (Санкт-Петербург)

📩 Изучить вакансию","[
    {
        ""_"": ""MessageEntity"",
        ""type"": ""MessageEntityType.BOLD"",
        ""offset"": 7,
        ""length"": 17
    },
    {
        ""_"": ""MessageEntity"",
        ""type"": ""MessageEntityType.BOLD"",
        ""offset"": 83,
        ""length"": 12
    },
    {
        ""_"": ""MessageEntity"",
        ""type"": ""MessageEntityType.TEXT_LINK"",
        ""offset"": 148,
        ""length"": 16,
        ""url"": ""https://hh.ru/vacancy/84653245""
    }
]"
"{
    ""_"": ""Chat"",
    ""id"": -1001483488834,
    ""type"": ""ChatType.CHANNEL"",
    ""is_verified"": false,
    ""is_restricted"": false,
    ""is_creator"": false,
    ""is_scam"": false,
    ""is_fake"": false,
    ""title"": ""Data jobs — вакансии по data science, анализу данных, аналитике, искусственному интеллекту"",
    ""username"": ""datajob"",
    ""photo"": {
        ""_"": ""ChatPhoto"",
        ""small_file_id"": ""AQADAgADybIxGxn9wUoAEAIAA76x7tIW____oRgnwqaE044ABB4E"",
        ""small_photo_unique_id"": ""AgADybIxGxn9wUo"",
        ""big_file_id"": ""AQADAgADybIxGxn9wUoAEAMAA76x7tIW____oRgnwqaE044ABB4E"",
        ""big_photo_unique_id"": ""AgADybIxGxn9wUo""
    },
    ""dc_id"": 2,
    ""has_protected_content"": false
}",760,2023-08-08 20:01:01,"👨🏻‍💻 Senior Data Scientist / Старший аналитик данных

CyberBrain (ООО Брайнфарм) —  платформа контроля, анализа и оптимизации digital рекламы для среднего и крупного бизнеса, ищет Senior Data Scientist 

Что почём?

▪️Senior
▪️250 000 - 350 000 ₽
▪️Удалённая работа / Офис по желанию (Москва, м.Кузнецкий мост)

📩 Изучить вакансию","[
    {
        ""_"": ""MessageEntity"",
        ""type"": ""MessageEntityType.BOLD"",
        ""offset"": 7,
        ""length"": 50
    },
    {
        ""_"": ""MessageEntity"",
        ""type"": ""MessageEntityType.BOLD"",
        ""offset"": 207,
        ""length"": 12
    },
    {
        ""_"": ""MessageEntity"",
        ""type"": ""MessageEntityType.TEXT_LINK"",
        ""offset"": 318,
        ""length"": 16,
        ""url"": ""https://hh.ru/vacancy/84654666""
    }
]"
"{
    ""_"": ""Chat"",
    ""id"": -1001483488834,
    ""type"": ""ChatType.CHANNEL"",
    ""is_verified"": false,
    ""is_restricted"": false,
    ""is_creator"": false,
    ""is_scam"": false,
    ""is_fake"": false,
    ""title"": ""Data jobs — вакансии по data science, анализу данных, аналитике, искусственному интеллекту"",
    ""username"": ""datajob"",
    ""photo"": {
        ""_"": ""ChatPhoto"",
        ""small_file_id"": ""AQADAgADybIxGxn9wUoAEAIAA76x7tIW____oRgnwqaE044ABB4E"",
        ""small_photo_unique_id"": ""AgADybIxGxn9wUo"",
        ""big_file_id"": ""AQADAgADybIxGxn9wUoAEAMAA76x7tIW____oRgnwqaE044ABB4E"",
        ""big_photo_unique_id"": ""AgADybIxGxn9wUo""
    },
    ""dc_id"": 2,
    ""has_protected_content"": false
}",759,2023-08-08 09:01:37,"👨🏻‍💻 Data Scientist (Computer Vision)

Федеральное автономное учреждение Государственный Научно-Исследовательский Институт Авиационных Систем — ведущий российский индустриальный центр по развитию нейросетевых алгоритмов в задачах компьютерного зрения, в поисках исследователей-разработчиков уровня junior и middle

Что почём?

▪️Junior/Middle
▪️100 000 - 180 000 ₽
▪️Офис (Москва, м.Аэропорт)

📩 Изучить вакансию","[
    {
        ""_"": ""MessageEntity"",
        ""type"": ""MessageEntityType.BOLD"",
        ""offset"": 8,
        ""length"": 34
    },
    {
        ""_"": ""MessageEntity"",
        ""type"": ""MessageEntityType.BOLD"",
        ""offset"": 318,
        ""length"": 12
    },
    {
        ""_"": ""MessageEntity"",
        ""type"": ""MessageEntityType.TEXT_LINK"",
        ""offset"": 400,
        ""length"": 16,
        ""url"": ""https://hh.ru/vacancy/84657135""
    }
]"
"{
    ""_"": ""Chat"",
    ""id"": -1001137236002,
    ""type"": ""ChatType.CHANNEL"",
    ""is_verified"": false,
    ""is_restricted"": false,
    ""is_creator"": false,
    ""is_scam"": false,
    ""is_fake"": false,
    ""title"": ""Job for Analysts & Data Scientists"",
    ""username"": ""foranalysts"",
    ""photo"": {
        ""_"": ""ChatPhoto"",
        ""small_file_id"": ""AQADAgADWsIxG53ECUoAEAIAA94XkucW____FTLG6nfpV6AABB4E"",
        ""small_photo_unique_id"": ""AgADWsIxG53ECUo"",
        ""big_file_id"": ""AQADAgADWsIxG53ECUoAEAMAA94XkucW____FTLG6nfpV6AABB4E"",
        ""big_photo_unique_id"": ""AgADWsIxG53ECUo""
    },
    ""dc_id"": 2,
    ""has_protected_content"": false
}",6090,2023-08-17 17:00:08,"Data Lead/Data Director
в Humans — международная компания, которая запустила финтех-суперапп в Узбекистане, включающий мобильную связь, интернет, оплату международной картой Humans VISA, маркетплейс.
Удалённая работа или релокация в Узбекситан.
От 500К.
Описание вакансии на GeekJob.ru","[
    {
        ""_"": ""MessageEntity"",
        ""type"": ""MessageEntityType.BOLD"",
        ""offset"": 0,
        ""length"": 23
    },
    {
        ""_"": ""MessageEntity"",
        ""type"": ""MessageEntityType.BOLD"",
        ""offset"": 26,
        ""length"": 6
    },
    {
        ""_"": ""MessageEntity"",
        ""type"": ""MessageEntityType.BOLD"",
        ""offset"": 200,
        ""length"": 44
    },
    {
        ""_"": ""MessageEntity"",
        ""type"": ""MessageEntityType.BOLD"",
        ""offset"": 245,
        ""length"": 8
    },
    {
        ""_"": ""MessageEntity"",
        ""type"": ""MessageEntityType.TEXT_LINK"",
        ""offset"": 254,
        ""length"": 31,
        ""url"": ""https://gkjb.ru/hbdO""
    }
]"
"{
    ""_"": ""Chat"",
    ""id"": -1001137236002,
    ""type"": ""ChatType.CHANNEL"",
    ""is_verified"": false,
    ""is_restricted"": false,
    ""is_creator"": false,
    ""is_scam"": false,
    ""is_fake"": false,
    ""title"": ""Job for Analysts & Data Scientists"",
    ""username"": ""foranalysts"",
    ""photo"": {
        ""_"": ""ChatPhoto"",
        ""small_file_id"": ""AQADAgADWsIxG53ECUoAEAIAA94XkucW____FTLG6nfpV6AABB4E"",
        ""small_photo_unique_id"": ""AgADWsIxG53ECUo"",
        ""big_file_id"": ""AQADAgADWsIxG53ECUoAEAMAA94XkucW____FTLG6nfpV6AABB4E"",
        ""big_photo_unique_id"": ""AgADWsIxG53ECUo""
    },
    ""dc_id"": 2,
    ""has_protected_content"": false
}",6089,2023-08-17 16:00:05,"Middle/Senior Business Analyst
в Emphasoft — международная компания, разрабатывающая программное обеспечение для стартапов, среднего и малого бизнеса по всему миру.
Удалённая работа из любой точки мира.
150К — 250К.
Описание вакансии на GeekJob.ru","[
    {
        ""_"": ""MessageEntity"",
        ""type"": ""MessageEntityType.BOLD"",
        ""offset"": 0,
        ""length"": 30
    },
    {
        ""_"": ""MessageEntity"",
        ""type"": ""MessageEntityType.BOLD"",
        ""offset"": 33,
        ""length"": 9
    },
    {
        ""_"": ""MessageEntity"",
        ""type"": ""MessageEntityType.BOLD"",
        ""offset"": 165,
        ""length"": 37
    },
    {
        ""_"": ""MessageEntity"",
        ""type"": ""MessageEntityType.BOLD"",
        ""offset"": 203,
        ""length"": 12
    },
    {
        ""_"": ""MessageEntity"",
        ""type"": ""MessageEntityType.TEXT_LINK"",
        ""offset"": 216,
        ""length"": 31,
        ""url"": ""https://gkjb.ru/hbdF""
    }
]"
"{
    ""_"": ""Chat"",
    ""id"": -1001137236002,
    ""type"": ""ChatType.CHANNEL"",
    ""is_verified"": false,
    ""is_restricted"": false,
    ""is_creator"": false,
    ""is_scam"": false,
    ""is_fake"": false,
    ""title"": ""Job for Analysts & Data Scientists"",
    ""username"": ""foranalysts"",
    ""photo"": {
        ""_"": ""ChatPhoto"",
        ""small_file_id"": ""AQADAgADWsIxG53ECUoAEAIAA94XkucW____FTLG6nfpV6AABB4E"",
        ""small_photo_unique_id"": ""AgADWsIxG53ECUo"",
        ""big_file_id"": ""AQADAgADWsIxG53ECUoAEAMAA94XkucW____FTLG6nfpV6AABB4E"",
        ""big_photo_unique_id"": ""AgADWsIxG53ECUo""
    },
    ""dc_id"": 2,
    ""has_protected_content"": false
}",6088,2023-08-17 14:00:08,"Senior Data engineer
в Nomia — IT-компания, которая занимается разработкой программного обеспечения для автоматизации бизнеса (ERP) и разработкой аппаратной части — терминалов точек продаж для рынков Foodtech и Retail.
Удалённая работа. Проектная занятость, part-time.
Описание вакансии на GeekJob.ru","[
    {
        ""_"": ""MessageEntity"",
        ""type"": ""MessageEntityType.BOLD"",
        ""offset"": 0,
        ""length"": 20
    },
    {
        ""_"": ""MessageEntity"",
        ""type"": ""MessageEntityType.BOLD"",
        ""offset"": 23,
        ""length"": 5
    },
    {
        ""_"": ""MessageEntity"",
        ""type"": ""MessageEntityType.BOLD"",
        ""offset"": 219,
        ""length"": 49
    },
    {
        ""_"": ""MessageEntity"",
        ""type"": ""MessageEntityType.TEXT_LINK"",
        ""offset"": 269,
        ""length"": 31,
        ""url"": ""https://gkjb.ru/hbd1""
    }
]"
"{
    ""_"": ""Chat"",
    ""id"": -1001137236002,
    ""type"": ""ChatType.CHANNEL"",
    ""is_verified"": false,
    ""is_restricted"": false,
    ""is_creator"": false,
    ""is_scam"": false,
    ""is_fake"": false,
    ""title"": ""Job for Analysts & Data Scientists"",
    ""username"": ""foranalysts"",
    ""photo"": {
        ""_"": ""ChatPhoto"",
        ""small_file_id"": ""AQADAgADWsIxG53ECUoAEAIAA94XkucW____FTLG6nfpV6AABB4E"",
        ""small_photo_unique_id"": ""AgADWsIxG53ECUo"",
        ""big_file_id"": ""AQADAgADWsIxG53ECUoAEAMAA94XkucW____FTLG6nfpV6AABB4E"",
        ""big_photo_unique_id"": ""AgADWsIxG53ECUo""
    },
    ""dc_id"": 2,
    ""has_protected_content"": false
}",6087,2023-08-17 13:00:05,"Senior product analyst
в «Ленту» — российская сеть гипермаркетов.
Москва, гибридный формат работы.
270К — 300К.
Описание вакансии на GeekJob.ru","[
    {
        ""_"": ""MessageEntity"",
        ""type"": ""MessageEntityType.BOLD"",
        ""offset"": 0,
        ""length"": 22
    },
    {
        ""_"": ""MessageEntity"",
        ""type"": ""MessageEntityType.BOLD"",
        ""offset"": 25,
        ""length"": 7
    },
    {
        ""_"": ""MessageEntity"",
        ""type"": ""MessageEntityType.BOLD"",
        ""offset"": 66,
        ""length"": 32
    },
    {
        ""_"": ""MessageEntity"",
        ""type"": ""MessageEntityType.BOLD"",
        ""offset"": 99,
        ""length"": 12
    },
    {
        ""_"": ""MessageEntity"",
        ""type"": ""MessageEntityType.TEXT_LINK"",
        ""offset"": 112,
        ""length"": 31,
        ""url"": ""https://gkjb.ru/hbcZ""
    }
]"
"{
    ""_"": ""Chat"",
    ""id"": -1001137236002,
    ""type"": ""ChatType.CHANNEL"",
    ""is_verified"": false,
    ""is_restricted"": false,
    ""is_creator"": false,
    ""is_scam"": false,
    ""is_fake"": false,
    ""title"": ""Job for Analysts & Data Scientists"",
    ""username"": ""foranalysts"",
    ""photo"": {
        ""_"": ""ChatPhoto"",
        ""small_file_id"": ""AQADAgADWsIxG53ECUoAEAIAA94XkucW____FTLG6nfpV6AABB4E"",
        ""small_photo_unique_id"": ""AgADWsIxG53ECUo"",
        ""big_file_id"": ""AQADAgADWsIxG53ECUoAEAMAA94XkucW____FTLG6nfpV6AABB4E"",
        ""big_photo_unique_id"": ""AgADWsIxG53ECUo""
    },
    ""dc_id"": 2,
    ""has_protected_content"": false
}",6086,2023-08-17 12:00:09,"Senior ML Engineer
в Профи — аккредитованная IT-компания, разрабатывающая сервис поиска клиентов и специалистов.
Удалённая работа из любой точки мира или офис в Москве.
300К — 400К.
Описание вакансии на GeekJob.ru","[
    {
        ""_"": ""MessageEntity"",
        ""type"": ""MessageEntityType.BOLD"",
        ""offset"": 0,
        ""length"": 18
    },
    {
        ""_"": ""MessageEntity"",
        ""type"": ""MessageEntityType.BOLD"",
        ""offset"": 21,
        ""length"": 5
    },
    {
        ""_"": ""MessageEntity"",
        ""type"": ""MessageEntityType.BOLD"",
        ""offset"": 113,
        ""length"": 55
    },
    {
        ""_"": ""MessageEntity"",
        ""type"": ""MessageEntityType.BOLD"",
        ""offset"": 169,
        ""length"": 12
    },
    {
        ""_"": ""MessageEntity"",
        ""type"": ""MessageEntityType.TEXT_LINK"",
        ""offset"": 182,
        ""length"": 31,
        ""url"": ""https://gkjb.ru/hbdE""
    }
]"
"{
    ""_"": ""Chat"",
    ""id"": -1001137236002,
    ""type"": ""ChatType.CHANNEL"",
    ""is_verified"": false,
    ""is_restricted"": false,
    ""is_creator"": false,
    ""is_scam"": false,
    ""is_fake"": false,
    ""title"": ""Job for Analysts & Data Scientists"",
    ""username"": ""foranalysts"",
    ""photo"": {
        ""_"": ""ChatPhoto"",
        ""small_file_id"": ""AQADAgADWsIxG53ECUoAEAIAA94XkucW____FTLG6nfpV6AABB4E"",
        ""small_photo_unique_id"": ""AgADWsIxG53ECUo"",
        ""big_file_id"": ""AQADAgADWsIxG53ECUoAEAMAA94XkucW____FTLG6nfpV6AABB4E"",
        ""big_photo_unique_id"": ""AgADWsIxG53ECUo""
    },
    ""dc_id"": 2,
    ""has_protected_content"": false
}",6085,2023-08-17 11:00:07,"Продуктовый аналитик
в Тинькофф.
Удалённая работа (на территории РФ) или офис в Москве, гибридный формат.
Ищет Юрий Прохоров, его пост на LinkedIn.","[
    {
        ""_"": ""MessageEntity"",
        ""type"": ""MessageEntityType.BOLD"",
        ""offset"": 0,
        ""length"": 20
    },
    {
        ""_"": ""MessageEntity"",
        ""type"": ""MessageEntityType.BOLD"",
        ""offset"": 23,
        ""length"": 8
    },
    {
        ""_"": ""MessageEntity"",
        ""type"": ""MessageEntityType.BOLD"",
        ""offset"": 33,
        ""length"": 72
    },
    {
        ""_"": ""MessageEntity"",
        ""type"": ""MessageEntityType.TEXT_LINK"",
        ""offset"": 130,
        ""length"": 16,
        ""url"": ""https://geekjob.ru/s2oC""
    }
]"
"{
    ""_"": ""Chat"",
    ""id"": -1001137236002,
    ""type"": ""ChatType.CHANNEL"",
    ""is_verified"": false,
    ""is_restricted"": false,
    ""is_creator"": false,
    ""is_scam"": false,
    ""is_fake"": false,
    ""title"": ""Job for Analysts & Data Scientists"",
    ""username"": ""foranalysts"",
    ""photo"": {
        ""_"": ""ChatPhoto"",
        ""small_file_id"": ""AQADAgADWsIxG53ECUoAEAIAA94XkucW____FTLG6nfpV6AABB4E"",
        ""small_photo_unique_id"": ""AgADWsIxG53ECUo"",
        ""big_file_id"": ""AQADAgADWsIxG53ECUoAEAMAA94XkucW____FTLG6nfpV6AABB4E"",
        ""big_photo_unique_id"": ""AgADWsIxG53ECUo""
    },
    ""dc_id"": 2,
    ""has_protected_content"": false
}",6084,2023-08-17 08:00:09,"​​Head of Innovation Lab
Москва

Крупная российская торгово-производственная компания, активно расширяющая свое присутствие на международном рынке. Один из лидеров в сегменте российского ритейла.
Технологический бизнес, в котором автоматизированы все этапы (производство, логистика, складская деятельность).
Собственный центр разработки (около 150 человек).
Компания активно работает над внедрением цифровых и инновационных технологий в свой бизнес.

Основные задачи:
 — разработка инновационной стратегии компании;
 — планирование и запуск инновационных проектов;
 — ресерч и поиск новых технологий для их применения в инновациях;
 — запуск MVP для быстрой проверки идей и концепций;
 — продвижение культуры инноваций внутри компании;
 — бюджетирование и управление ресурсами.

Подробнее
Ищет oksana@new.hr","[
    {
        ""_"": ""MessageEntity"",
        ""type"": ""MessageEntityType.TEXT_LINK"",
        ""offset"": 0,
        ""length"": 2,
        ""url"": ""https://purninja-st.s3.eu-central-1.amazonaws.com/tmp-processed/x9ep21nguYZ9cMzmrxPwlMma.jpg""
    },
    {
        ""_"": ""MessageEntity"",
        ""type"": ""MessageEntityType.BOLD"",
        ""offset"": 2,
        ""length"": 22
    },
    {
        ""_"": ""MessageEntity"",
        ""type"": ""MessageEntityType.BOLD"",
        ""offset"": 25,
        ""length"": 6
    },
    {
        ""_"": ""MessageEntity"",
        ""type"": ""MessageEntityType.BOLD"",
        ""offset"": 33,
        ""length"": 52
    },
    {
        ""_"": ""MessageEntity"",
        ""type"": ""MessageEntityType.BOLD"",
        ""offset"": 451,
        ""length"": 16
    },
    {
        ""_"": ""MessageEntity"",
        ""type"": ""MessageEntityType.TEXT_LINK"",
        ""offset"": 779,
        ""length"": 9,
        ""url"": ""https://gkjb.ru/hbPK""
    },
    {
        ""_"": ""MessageEntity"",
        ""type"": ""MessageEntityType.EMAIL"",
        ""offset"": 794,
        ""length"": 13
    }
]"
"{
    ""_"": ""Chat"",
    ""id"": -1001137236002,
    ""type"": ""ChatType.CHANNEL"",
    ""is_verified"": false,
    ""is_restricted"": false,
    ""is_creator"": false,
    ""is_scam"": false,
    ""is_fake"": false,
    ""title"": ""Job for Analysts & Data Scientists"",
    ""username"": ""foranalysts"",
    ""photo"": {
        ""_"": ""ChatPhoto"",
        ""small_file_id"": ""AQADAgADWsIxG53ECUoAEAIAA94XkucW____FTLG6nfpV6AABB4E"",
        ""small_photo_unique_id"": ""AgADWsIxG53ECUo"",
        ""big_file_id"": ""AQADAgADWsIxG53ECUoAEAMAA94XkucW____FTLG6nfpV6AABB4E"",
        ""big_photo_unique_id"": ""AgADWsIxG53ECUo""
    },
    ""dc_id"": 2,
    ""has_protected_content"": false
}",6083,2023-08-16 17:00:08,"​​Senior Machine Learning Engineer / ML Ops Engineer
Relocation to South-Eastern Europe

25+ Years of fintech experience
3M+ clients worldwide
700+ employees
40+ international awards
300+ tradable assets

What would you be doing:
 — work closely with business departments (Sales, Marketing, Products, Payments, Dealing) to understand their needs and translate these into practical, scalable, and robust machine learning solutions;
 — work on such projects like LTV prediction, churn prediction, antifraud solutions, uplift modelling and implementing large language models;
 — oversee current solutions, manage improvements if needed, expand the role of machine learning across organisation;
 — mentor a team of ML engineers, helping them to enhance their skills and understanding of machine learning methodologies and best practices;
 — implement new and improve current MLOps practices, laying the foundation for efficient and effective model development, deployment, and monitoring.

More info
Apply to oksana@new.hr","[
    {
        ""_"": ""MessageEntity"",
        ""type"": ""MessageEntityType.TEXT_LINK"",
        ""offset"": 0,
        ""length"": 2,
        ""url"": ""https://purninja-st.s3.eu-central-1.amazonaws.com/tmp-processed/SuRh0NrqSXjhhV34AtPFRJVi.jpg""
    },
    {
        ""_"": ""MessageEntity"",
        ""type"": ""MessageEntityType.BOLD"",
        ""offset"": 2,
        ""length"": 50
    },
    {
        ""_"": ""MessageEntity"",
        ""type"": ""MessageEntityType.BOLD"",
        ""offset"": 53,
        ""length"": 34
    },
    {
        ""_"": ""MessageEntity"",
        ""type"": ""MessageEntityType.BOLD"",
        ""offset"": 205,
        ""length"": 24
    },
    {
        ""_"": ""MessageEntity"",
        ""type"": ""MessageEntityType.TEXT_LINK"",
        ""offset"": 986,
        ""length"": 9,
        ""url"": ""https://gkjb.ru/hbXU""
    },
    {
        ""_"": ""MessageEntity"",
        ""type"": ""MessageEntityType.EMAIL"",
        ""offset"": 1005,
        ""length"": 13
    }
]"
"{
    ""_"": ""Chat"",
    ""id"": -1001137236002,
    ""type"": ""ChatType.CHANNEL"",
    ""is_verified"": false,
    ""is_restricted"": false,
    ""is_creator"": false,
    ""is_scam"": false,
    ""is_fake"": false,
    ""title"": ""Job for Analysts & Data Scientists"",
    ""username"": ""foranalysts"",
    ""photo"": {
        ""_"": ""ChatPhoto"",
        ""small_file_id"": ""AQADAgADWsIxG53ECUoAEAIAA94XkucW____FTLG6nfpV6AABB4E"",
        ""small_photo_unique_id"": ""AgADWsIxG53ECUo"",
        ""big_file_id"": ""AQADAgADWsIxG53ECUoAEAMAA94XkucW____FTLG6nfpV6AABB4E"",
        ""big_photo_unique_id"": ""AgADWsIxG53ECUo""
    },
    ""dc_id"": 2,
    ""has_protected_content"": false
}",6082,2023-08-16 16:00:05,"Вакансии в Garage Eight.
🔹 Product analyst
🔹 Data Analyst
Санкт-Петербург, гибридный формат работы.
🔹 Антифрод-аналитик
Санкт-Петербург/Тбилиси.
Garage Eight — экосистема инвестиционных сервисов, b2c продукт, работает на международном рынке.
Пост на LinkedIn","[
    {
        ""_"": ""MessageEntity"",
        ""type"": ""MessageEntityType.BOLD"",
        ""offset"": 11,
        ""length"": 12
    },
    {
        ""_"": ""MessageEntity"",
        ""type"": ""MessageEntityType.BOLD"",
        ""offset"": 60,
        ""length"": 41
    },
    {
        ""_"": ""MessageEntity"",
        ""type"": ""MessageEntityType.BOLD"",
        ""offset"": 123,
        ""length"": 24
    },
    {
        ""_"": ""MessageEntity"",
        ""type"": ""MessageEntityType.BOLD"",
        ""offset"": 148,
        ""length"": 12
    },
    {
        ""_"": ""MessageEntity"",
        ""type"": ""MessageEntityType.TEXT_LINK"",
        ""offset"": 245,
        ""length"": 16,
        ""url"": ""https://geekjob.ru/s2nS""
    }
]"
"{
    ""_"": ""Chat"",
    ""id"": -1001137236002,
    ""type"": ""ChatType.CHANNEL"",
    ""is_verified"": false,
    ""is_restricted"": false,
    ""is_creator"": false,
    ""is_scam"": false,
    ""is_fake"": false,
    ""title"": ""Job for Analysts & Data Scientists"",
    ""username"": ""foranalysts"",
    ""photo"": {
        ""_"": ""ChatPhoto"",
        ""small_file_id"": ""AQADAgADWsIxG53ECUoAEAIAA94XkucW____FTLG6nfpV6AABB4E"",
        ""small_photo_unique_id"": ""AgADWsIxG53ECUo"",
        ""big_file_id"": ""AQADAgADWsIxG53ECUoAEAMAA94XkucW____FTLG6nfpV6AABB4E"",
        ""big_photo_unique_id"": ""AgADWsIxG53ECUo""
    },
    ""dc_id"": 2,
    ""has_protected_content"": false
}",6081,2023-08-16 15:00:05,"Middle/Senior Системный аналитик
в Maxilect — аккредитованная IT компания, занимается разработкой программного обеспечения.
250К, удалённая работа
Описание вакансии на GeekJob.ru","[
    {
        ""_"": ""MessageEntity"",
        ""type"": ""MessageEntityType.BOLD"",
        ""offset"": 0,
        ""length"": 32
    },
    {
        ""_"": ""MessageEntity"",
        ""type"": ""MessageEntityType.BOLD"",
        ""offset"": 35,
        ""length"": 8
    },
    {
        ""_"": ""MessageEntity"",
        ""type"": ""MessageEntityType.BOLD"",
        ""offset"": 124,
        ""length"": 22
    },
    {
        ""_"": ""MessageEntity"",
        ""type"": ""MessageEntityType.TEXT_LINK"",
        ""offset"": 147,
        ""length"": 31,
        ""url"": ""https://gkjb.ru/hbcI""
    }
]"
"{
    ""_"": ""Chat"",
    ""id"": -1001137236002,
    ""type"": ""ChatType.CHANNEL"",
    ""is_verified"": false,
    ""is_restricted"": false,
    ""is_creator"": false,
    ""is_scam"": false,
    ""is_fake"": false,
    ""title"": ""Job for Analysts & Data Scientists"",
    ""username"": ""foranalysts"",
    ""photo"": {
        ""_"": ""ChatPhoto"",
        ""small_file_id"": ""AQADAgADWsIxG53ECUoAEAIAA94XkucW____FTLG6nfpV6AABB4E"",
        ""small_photo_unique_id"": ""AgADWsIxG53ECUo"",
        ""big_file_id"": ""AQADAgADWsIxG53ECUoAEAMAA94XkucW____FTLG6nfpV6AABB4E"",
        ""big_photo_unique_id"": ""AgADWsIxG53ECUo""
    },
    ""dc_id"": 2,
    ""has_protected_content"": false
}",6080,2023-08-16 14:00:09,"Системный аналитик
в Студию Олега Чулакова — разрабатывает сервисы, сайты и мобильные приложения для крупнейших международных и российских компаний.
Ищет Мария Пискунова, ее пост на LinkedIn.","[
    {
        ""_"": ""MessageEntity"",
        ""type"": ""MessageEntityType.BOLD"",
        ""offset"": 0,
        ""length"": 18
    },
    {
        ""_"": ""MessageEntity"",
        ""type"": ""MessageEntityType.BOLD"",
        ""offset"": 21,
        ""length"": 21
    },
    {
        ""_"": ""MessageEntity"",
        ""type"": ""MessageEntityType.TEXT_LINK"",
        ""offset"": 174,
        ""length"": 16,
        ""url"": ""https://geekjob.ru/s2nd""
    }
]"
"{
    ""_"": ""Chat"",
    ""id"": -1001137236002,
    ""type"": ""ChatType.CHANNEL"",
    ""is_verified"": false,
    ""is_restricted"": false,
    ""is_creator"": false,
    ""is_scam"": false,
    ""is_fake"": false,
    ""title"": ""Job for Analysts & Data Scientists"",
    ""username"": ""foranalysts"",
    ""photo"": {
        ""_"": ""ChatPhoto"",
        ""small_file_id"": ""AQADAgADWsIxG53ECUoAEAIAA94XkucW____FTLG6nfpV6AABB4E"",
        ""small_photo_unique_id"": ""AgADWsIxG53ECUo"",
        ""big_file_id"": ""AQADAgADWsIxG53ECUoAEAMAA94XkucW____FTLG6nfpV6AABB4E"",
        ""big_photo_unique_id"": ""AgADWsIxG53ECUo""
    },
    ""dc_id"": 2,
    ""has_protected_content"": false
}",6079,2023-08-16 13:00:04,"Data Engineer
в Банк «Точка» — российский цифровой банк без физических офисов, сфокусирован на создании экосистемы сервисов для юридических лиц, ориентирован на дистанционное обслуживание предпринимателей и малого и среднего бизнеса.
До 400К, удалённая работа из любой точки мира.
Ищет Галина Вакулина, ее пост на LinkedIn.","[
    {
        ""_"": ""MessageEntity"",
        ""type"": ""MessageEntityType.BOLD"",
        ""offset"": 0,
        ""length"": 13
    },
    {
        ""_"": ""MessageEntity"",
        ""type"": ""MessageEntityType.BOLD"",
        ""offset"": 16,
        ""length"": 12
    },
    {
        ""_"": ""MessageEntity"",
        ""type"": ""MessageEntityType.BOLD"",
        ""offset"": 234,
        ""length"": 46
    },
    {
        ""_"": ""MessageEntity"",
        ""type"": ""MessageEntityType.TEXT_LINK"",
        ""offset"": 306,
        ""length"": 16,
        ""url"": ""https://geekjob.ru/s2nc""
    }
]"
"{
    ""_"": ""Chat"",
    ""id"": -1001137236002,
    ""type"": ""ChatType.CHANNEL"",
    ""is_verified"": false,
    ""is_restricted"": false,
    ""is_creator"": false,
    ""is_scam"": false,
    ""is_fake"": false,
    ""title"": ""Job for Analysts & Data Scientists"",
    ""username"": ""foranalysts"",
    ""photo"": {
        ""_"": ""ChatPhoto"",
        ""small_file_id"": ""AQADAgADWsIxG53ECUoAEAIAA94XkucW____FTLG6nfpV6AABB4E"",
        ""small_photo_unique_id"": ""AgADWsIxG53ECUo"",
        ""big_file_id"": ""AQADAgADWsIxG53ECUoAEAMAA94XkucW____FTLG6nfpV6AABB4E"",
        ""big_photo_unique_id"": ""AgADWsIxG53ECUo""
    },
    ""dc_id"": 2,
    ""has_protected_content"": false
}",6078,2023-08-16 11:00:13,"Начальник Big Data
в Kcell — компания предоставляет услуги мобильной голосовой связи, передачи коротких сообщений, дополнительные услуги (VAS), такие как обмен мультимедийными сообщениями, доступ к мобильному контенту, а также услуги передачи данных, в том числе доступа к сети Интернет.
Алматы, Казахстан.
Ищет Айнур Рахимберлина, ее пост на LinkedIn.","[
    {
        ""_"": ""MessageEntity"",
        ""type"": ""MessageEntityType.BOLD"",
        ""offset"": 0,
        ""length"": 18
    },
    {
        ""_"": ""MessageEntity"",
        ""type"": ""MessageEntityType.BOLD"",
        ""offset"": 21,
        ""length"": 5
    },
    {
        ""_"": ""MessageEntity"",
        ""type"": ""MessageEntityType.BOLD"",
        ""offset"": 288,
        ""length"": 18
    },
    {
        ""_"": ""MessageEntity"",
        ""type"": ""MessageEntityType.TEXT_LINK"",
        ""offset"": 335,
        ""length"": 16,
        ""url"": ""https://geekjob.ru/s2n9""
    }
]"
"{
    ""_"": ""Chat"",
    ""id"": -1001137236002,
    ""type"": ""ChatType.CHANNEL"",
    ""is_verified"": false,
    ""is_restricted"": false,
    ""is_creator"": false,
    ""is_scam"": false,
    ""is_fake"": false,
    ""title"": ""Job for Analysts & Data Scientists"",
    ""username"": ""foranalysts"",
    ""photo"": {
        ""_"": ""ChatPhoto"",
        ""small_file_id"": ""AQADAgADWsIxG53ECUoAEAIAA94XkucW____FTLG6nfpV6AABB4E"",
        ""small_photo_unique_id"": ""AgADWsIxG53ECUo"",
        ""big_file_id"": ""AQADAgADWsIxG53ECUoAEAMAA94XkucW____FTLG6nfpV6AABB4E"",
        ""big_photo_unique_id"": ""AgADWsIxG53ECUo""
    },
    ""dc_id"": 2,
    ""has_protected_content"": false
}",6077,2023-08-16 08:00:09,"Team Leed DS
в Газпромбанк.
Москва.
Ищет Никита Кузнецов, его пост на LinkedIn.","[
    {
        ""_"": ""MessageEntity"",
        ""type"": ""MessageEntityType.BOLD"",
        ""offset"": 0,
        ""length"": 12
    },
    {
        ""_"": ""MessageEntity"",
        ""type"": ""MessageEntityType.BOLD"",
        ""offset"": 15,
        ""length"": 11
    },
    {
        ""_"": ""MessageEntity"",
        ""type"": ""MessageEntityType.BOLD"",
        ""offset"": 28,
        ""length"": 7
    },
    {
        ""_"": ""MessageEntity"",
        ""type"": ""MessageEntityType.TEXT_LINK"",
        ""offset"": 62,
        ""length"": 16,
        ""url"": ""https://geekjob.ru/s2n8""
    }
]"
"{
    ""_"": ""Chat"",
    ""id"": -1001137236002,
    ""type"": ""ChatType.CHANNEL"",
    ""is_verified"": false,
    ""is_restricted"": false,
    ""is_creator"": false,
    ""is_scam"": false,
    ""is_fake"": false,
    ""title"": ""Job for Analysts & Data Scientists"",
    ""username"": ""foranalysts"",
    ""photo"": {
        ""_"": ""ChatPhoto"",
        ""small_file_id"": ""AQADAgADWsIxG53ECUoAEAIAA94XkucW____FTLG6nfpV6AABB4E"",
        ""small_photo_unique_id"": ""AgADWsIxG53ECUo"",
        ""big_file_id"": ""AQADAgADWsIxG53ECUoAEAMAA94XkucW____FTLG6nfpV6AABB4E"",
        ""big_photo_unique_id"": ""AgADWsIxG53ECUo""
    },
    ""dc_id"": 2,
    ""has_protected_content"": false
}",6076,2023-08-15 17:00:09,"Product Analyst
в Aviasales.
Удаленная работа или в одном из офисов компании.
Ищет Анна Любимова, ее пост на LinkedIn.","[
    {
        ""_"": ""MessageEntity"",
        ""type"": ""MessageEntityType.BOLD"",
        ""offset"": 0,
        ""length"": 15
    },
    {
        ""_"": ""MessageEntity"",
        ""type"": ""MessageEntityType.BOLD"",
        ""offset"": 18,
        ""length"": 9
    },
    {
        ""_"": ""MessageEntity"",
        ""type"": ""MessageEntityType.BOLD"",
        ""offset"": 29,
        ""length"": 48
    },
    {
        ""_"": ""MessageEntity"",
        ""type"": ""MessageEntityType.TEXT_LINK"",
        ""offset"": 101,
        ""length"": 16,
        ""url"": ""https://geekjob.ru/s2mw""
    }
]"
"{
    ""_"": ""Chat"",
    ""id"": -1001137236002,
    ""type"": ""ChatType.CHANNEL"",
    ""is_verified"": false,
    ""is_restricted"": false,
    ""is_creator"": false,
    ""is_scam"": false,
    ""is_fake"": false,
    ""title"": ""Job for Analysts & Data Scientists"",
    ""username"": ""foranalysts"",
    ""photo"": {
        ""_"": ""ChatPhoto"",
        ""small_file_id"": ""AQADAgADWsIxG53ECUoAEAIAA94XkucW____FTLG6nfpV6AABB4E"",
        ""small_photo_unique_id"": ""AgADWsIxG53ECUo"",
        ""big_file_id"": ""AQADAgADWsIxG53ECUoAEAMAA94XkucW____FTLG6nfpV6AABB4E"",
        ""big_photo_unique_id"": ""AgADWsIxG53ECUo""
    },
    ""dc_id"": 2,
    ""has_protected_content"": false
}",6075,2023-08-15 16:00:06,"​​ML Researcher (GPT)
Remote work
Relocation to Serbia, with the possibility of further relocation to Germany (if needed)

About the Company and the Product:
As a rapidly expanding technology firm, we specialize in developing cutting-edge AI solutions, and we are currently working on a groundbreaking product that aims to automate and streamline the sales process using voice recognition API, chatbot API, and speech generation API. Our cloud-based microservice architecture ensures scalability and adaptability as needed.

Responsibilities:
 — Develop and optimize dialog performance for GPT-4(3.5) model, ensuring natural interactions;
— Measure quality of current models and improve it;
 — Design and implement a streamlined process for generating new prompts and evaluating their effectiveness;
— Create custom text models by leveraging open-source frameworks such as LLama and other state-of-the-art models;
 — Gather, analyze, and utilize client data to enhance the quality of dialogues and deliver tailored experiences.

More info
Apply to oksana@new.hr","[
    {
        ""_"": ""MessageEntity"",
        ""type"": ""MessageEntityType.TEXT_LINK"",
        ""offset"": 0,
        ""length"": 2,
        ""url"": ""https://purninja-st.s3.eu-central-1.amazonaws.com/tmp-processed/nW8704UGUnF99XtQW4CuAqZj.jpg""
    },
    {
        ""_"": ""MessageEntity"",
        ""type"": ""MessageEntityType.BOLD"",
        ""offset"": 2,
        ""length"": 19
    },
    {
        ""_"": ""MessageEntity"",
        ""type"": ""MessageEntityType.BOLD"",
        ""offset"": 22,
        ""length"": 11
    },
    {
        ""_"": ""MessageEntity"",
        ""type"": ""MessageEntityType.BOLD"",
        ""offset"": 34,
        ""length"": 87
    },
    {
        ""_"": ""MessageEntity"",
        ""type"": ""MessageEntityType.BOLD"",
        ""offset"": 123,
        ""length"": 34
    },
    {
        ""_"": ""MessageEntity"",
        ""type"": ""MessageEntityType.BOLD"",
        ""offset"": 525,
        ""length"": 17
    },
    {
        ""_"": ""MessageEntity"",
        ""type"": ""MessageEntityType.TEXT_LINK"",
        ""offset"": 1029,
        ""length"": 9,
        ""url"": ""https://gkjb.ru/haqv""
    },
    {
        ""_"": ""MessageEntity"",
        ""type"": ""MessageEntityType.EMAIL"",
        ""offset"": 1048,
        ""length"": 13
    }
]"
"{
    ""_"": ""Chat"",
    ""id"": -1001137236002,
    ""type"": ""ChatType.CHANNEL"",
    ""is_verified"": false,
    ""is_restricted"": false,
    ""is_creator"": false,
    ""is_scam"": false,
    ""is_fake"": false,
    ""title"": ""Job for Analysts & Data Scientists"",
    ""username"": ""foranalysts"",
    ""photo"": {
        ""_"": ""ChatPhoto"",
        ""small_file_id"": ""AQADAgADWsIxG53ECUoAEAIAA94XkucW____FTLG6nfpV6AABB4E"",
        ""small_photo_unique_id"": ""AgADWsIxG53ECUo"",
        ""big_file_id"": ""AQADAgADWsIxG53ECUoAEAMAA94XkucW____FTLG6nfpV6AABB4E"",
        ""big_photo_unique_id"": ""AgADWsIxG53ECUo""
    },
    ""dc_id"": 2,
    ""has_protected_content"": false
}",6074,2023-08-15 15:00:04,"Вакансии в iiii Tech.
🔹 Middle BI Analyst
Удалённая работа или офис в Москве/Санкт-Петербурге.
🔹 Middle BI-разработчик
Удалённая работа, part-time.
🔹 Разработчик ETL
Удалённая работа.
iiii Tech — российский ИТ-интегратор, специализирующийся на решениях для среднего и крупного бизнеса.
Откликаться на GeekJob.ru","[
    {
        ""_"": ""MessageEntity"",
        ""type"": ""MessageEntityType.BOLD"",
        ""offset"": 11,
        ""length"": 9
    },
    {
        ""_"": ""MessageEntity"",
        ""type"": ""MessageEntityType.TEXT_LINK"",
        ""offset"": 25,
        ""length"": 17,
        ""url"": ""https://gkjb.ru/hbau""
    },
    {
        ""_"": ""MessageEntity"",
        ""type"": ""MessageEntityType.BOLD"",
        ""offset"": 43,
        ""length"": 51
    },
    {
        ""_"": ""MessageEntity"",
        ""type"": ""MessageEntityType.TEXT_LINK"",
        ""offset"": 99,
        ""length"": 21,
        ""url"": ""https://gkjb.ru/hbav""
    },
    {
        ""_"": ""MessageEntity"",
        ""type"": ""MessageEntityType.BOLD"",
        ""offset"": 121,
        ""length"": 28
    },
    {
        ""_"": ""MessageEntity"",
        ""type"": ""MessageEntityType.TEXT_LINK"",
        ""offset"": 153,
        ""length"": 15,
        ""url"": ""https://gkjb.ru/hbaw""
    },
    {
        ""_"": ""MessageEntity"",
        ""type"": ""MessageEntityType.BOLD"",
        ""offset"": 169,
        ""length"": 17
    },
    {
        ""_"": ""MessageEntity"",
        ""type"": ""MessageEntityType.BOLD"",
        ""offset"": 187,
        ""length"": 9
    },
    {
        ""_"": ""MessageEntity"",
        ""type"": ""MessageEntityType.URL"",
        ""offset"": 304,
        ""length"": 10
    }
]"
"{
    ""_"": ""Chat"",
    ""id"": -1001137236002,
    ""type"": ""ChatType.CHANNEL"",
    ""is_verified"": false,
    ""is_restricted"": false,
    ""is_creator"": false,
    ""is_scam"": false,
    ""is_fake"": false,
    ""title"": ""Job for Analysts & Data Scientists"",
    ""username"": ""foranalysts"",
    ""photo"": {
        ""_"": ""ChatPhoto"",
        ""small_file_id"": ""AQADAgADWsIxG53ECUoAEAIAA94XkucW____FTLG6nfpV6AABB4E"",
        ""small_photo_unique_id"": ""AgADWsIxG53ECUo"",
        ""big_file_id"": ""AQADAgADWsIxG53ECUoAEAMAA94XkucW____FTLG6nfpV6AABB4E"",
        ""big_photo_unique_id"": ""AgADWsIxG53ECUo""
    },
    ""dc_id"": 2,
    ""has_protected_content"": false
}",6073,2023-08-15 14:00:17,"Преподаватель онлайн-курса DWH Analyst
в Otus — аккредитованная в Минцифры ИТ компания, образовательная платформа авторских курсов для IT-специалистов из разных направлений, таких как: программирование, тестирование, инфраструктура, администрирование, разработка игр, управление и Data Science.
4К — 6К/вебинар.
Удалённая работа. Part-time.
Описание вакансии на GeekJob.ru","[
    {
        ""_"": ""MessageEntity"",
        ""type"": ""MessageEntityType.BOLD"",
        ""offset"": 0,
        ""length"": 38
    },
    {
        ""_"": ""MessageEntity"",
        ""type"": ""MessageEntityType.BOLD"",
        ""offset"": 41,
        ""length"": 4
    },
    {
        ""_"": ""MessageEntity"",
        ""type"": ""MessageEntityType.BOLD"",
        ""offset"": 295,
        ""length"": 16
    },
    {
        ""_"": ""MessageEntity"",
        ""type"": ""MessageEntityType.BOLD"",
        ""offset"": 312,
        ""length"": 28
    },
    {
        ""_"": ""MessageEntity"",
        ""type"": ""MessageEntityType.TEXT_LINK"",
        ""offset"": 341,
        ""length"": 31,
        ""url"": ""https://gkjb.ru/hbba""
    }
]"
"{
    ""_"": ""Chat"",
    ""id"": -1001137236002,
    ""type"": ""ChatType.CHANNEL"",
    ""is_verified"": false,
    ""is_restricted"": false,
    ""is_creator"": false,
    ""is_scam"": false,
    ""is_fake"": false,
    ""title"": ""Job for Analysts & Data Scientists"",
    ""username"": ""foranalysts"",
    ""photo"": {
        ""_"": ""ChatPhoto"",
        ""small_file_id"": ""AQADAgADWsIxG53ECUoAEAIAA94XkucW____FTLG6nfpV6AABB4E"",
        ""small_photo_unique_id"": ""AgADWsIxG53ECUo"",
        ""big_file_id"": ""AQADAgADWsIxG53ECUoAEAMAA94XkucW____FTLG6nfpV6AABB4E"",
        ""big_photo_unique_id"": ""AgADWsIxG53ECUo""
    },
    ""dc_id"": 2,
    ""has_protected_content"": false
}",6072,2023-08-15 13:00:05,"Senior Data Engineer
в S7 TechLab — аккредитованная IT компания, реализующая инновационные IT продукты для подразделений группы компаний S7.
Удалённая работа (на территории РФ) или офис в Москве/Краснодаре/Иннополисе.
Описание вакансии на GeekJob.ru","[
    {
        ""_"": ""MessageEntity"",
        ""type"": ""MessageEntityType.BOLD"",
        ""offset"": 0,
        ""length"": 20
    },
    {
        ""_"": ""MessageEntity"",
        ""type"": ""MessageEntityType.BOLD"",
        ""offset"": 23,
        ""length"": 10
    },
    {
        ""_"": ""MessageEntity"",
        ""type"": ""MessageEntityType.BOLD"",
        ""offset"": 141,
        ""length"": 76
    },
    {
        ""_"": ""MessageEntity"",
        ""type"": ""MessageEntityType.TEXT_LINK"",
        ""offset"": 218,
        ""length"": 31,
        ""url"": ""https://gkjb.ru/hbag""
    }
]"
"{
    ""_"": ""Chat"",
    ""id"": -1001137236002,
    ""type"": ""ChatType.CHANNEL"",
    ""is_verified"": false,
    ""is_restricted"": false,
    ""is_creator"": false,
    ""is_scam"": false,
    ""is_fake"": false,
    ""title"": ""Job for Analysts & Data Scientists"",
    ""username"": ""foranalysts"",
    ""photo"": {
        ""_"": ""ChatPhoto"",
        ""small_file_id"": ""AQADAgADWsIxG53ECUoAEAIAA94XkucW____FTLG6nfpV6AABB4E"",
        ""small_photo_unique_id"": ""AgADWsIxG53ECUo"",
        ""big_file_id"": ""AQADAgADWsIxG53ECUoAEAMAA94XkucW____FTLG6nfpV6AABB4E"",
        ""big_photo_unique_id"": ""AgADWsIxG53ECUo""
    },
    ""dc_id"": 2,
    ""has_protected_content"": false
}",6071,2023-08-15 12:00:08,"Бизнес-аналитик
в Hybrid Russia — одна из ведущих programmatic-платформ в России.
Гибридный формат работы в одном из офисов компании.
Ищет Дмитрий Федосеев, его пост

Ссылка ведёт на пост в Facebook, принадлежащей компании Meta (признана экстремистской организацией и запрещена в РФ).","[
    {
        ""_"": ""MessageEntity"",
        ""type"": ""MessageEntityType.BOLD"",
        ""offset"": 0,
        ""length"": 15
    },
    {
        ""_"": ""MessageEntity"",
        ""type"": ""MessageEntityType.BOLD"",
        ""offset"": 18,
        ""length"": 13
    },
    {
        ""_"": ""MessageEntity"",
        ""type"": ""MessageEntityType.BOLD"",
        ""offset"": 82,
        ""length"": 51
    },
    {
        ""_"": ""MessageEntity"",
        ""type"": ""MessageEntityType.TEXT_LINK"",
        ""offset"": 157,
        ""length"": 8,
        ""url"": ""https://geekjob.ru/s2my""
    },
    {
        ""_"": ""MessageEntity"",
        ""type"": ""MessageEntityType.ITALIC"",
        ""offset"": 167,
        ""length"": 117
    }
]"
"{
    ""_"": ""Chat"",
    ""id"": -1001321264581,
    ""type"": ""ChatType.CHANNEL"",
    ""is_verified"": false,
    ""is_restricted"": false,
    ""is_creator"": false,
    ""is_scam"": false,
    ""is_fake"": false,
    ""title"": ""Data Science Jobs / AI / NN / ML / DL / NLP"",
    ""username"": ""datasciencejobs"",
    ""photo"": {
        ""_"": ""ChatPhoto"",
        ""small_file_id"": ""AQADAgADrqcxG0_aIwwAEAIAAzsKmtwW____a6aamKv4ZPMABB4E"",
        ""small_photo_unique_id"": ""AgADrqcxG0_aIww"",
        ""big_file_id"": ""AQADAgADrqcxG0_aIwwAEAMAAzsKmtwW____a6aamKv4ZPMABB4E"",
        ""big_photo_unique_id"": ""AgADrqcxG0_aIww""
    },
    ""dc_id"": 2,
    ""has_protected_content"": false
}",1609,2023-08-17 11:32:03,,
"{
    ""_"": ""Chat"",
    ""id"": -1001321264581,
    ""type"": ""ChatType.CHANNEL"",
    ""is_verified"": false,
    ""is_restricted"": false,
    ""is_creator"": false,
    ""is_scam"": false,
    ""is_fake"": false,
    ""title"": ""Data Science Jobs / AI / NN / ML / DL / NLP"",
    ""username"": ""datasciencejobs"",
    ""photo"": {
        ""_"": ""ChatPhoto"",
        ""small_file_id"": ""AQADAgADrqcxG0_aIwwAEAIAAzsKmtwW____a6aamKv4ZPMABB4E"",
        ""small_photo_unique_id"": ""AgADrqcxG0_aIww"",
        ""big_file_id"": ""AQADAgADrqcxG0_aIwwAEAMAAzsKmtwW____a6aamKv4ZPMABB4E"",
        ""big_photo_unique_id"": ""AgADrqcxG0_aIww""
    },
    ""dc_id"": 2,
    ""has_protected_content"": false
}",1608,2023-08-17 10:11:51,"#vacancy #вакансия #ML #LLM

Vacancy: ML Engineer (LLM)
Location: Netherlands / Serbia / UK

We are currently extending an invitation to accomplished Machine Learning Engineers who are prepared to embark on a significant undertaking at the forefront of technological advancement. Our distinguished client, a visionary leader in the technology sector, is dedicated to redefining the boundaries of Large Language Models (LLM). As a prospective member of their esteemed team, you will be deeply engrossed in the exploration of cutting-edge LLM technology, encompassing various aspects, including:

🔵 Foundational model training
🔵 Extensive data collection from the web
🔵 Efficient inference strategies
🔵 Model alignment techniques
🔵 Rigorous model evaluation methodologies

At the core of these endeavors, our client is driven by an impactful mission: the creation of language generation technology that is groundbreaking not only for internal innovation but also for propelling the next wave of customer-centric applications and AI-powered products. Your contributions will serve as the driving force behind the evolution of AI as we currently understand it.

🌟 The Opportunity 🌟
For those with a profound passion for advancing the boundaries of language models, this presents a remarkable opportunity. By joining our client's visionary team, you will play a pivotal role in shaping the state-of-the-art Large Language Models (LLM) framework.

In this role, your responsibilities will include:
🔷 Architecting and developing distributed training and data processing infrastructure
🔷 Employing advanced deep learning techniques to enhance model quality
🔷 Investigating innovative methodologies to enhance the quality and quantity of training data
🔷 Optimizing training and inference infrastructure for optimal hardware performance

🎯 Qualifications 🎯
To excel in this role, you should possess the following qualifications:
🔹 Profound expertise in deep learning, acquired through either academia or industry experience
🔹 A strong grasp of machine learning theory
🔹 Familiarity with contemporary deep learning frameworks (TensorFlow, PyTorch, JAX)
🔹 Proficiency in modern software engineering practices (CI/CD, version control, unit testing)
🔹 Genuine enthusiasm for large language models and generative AI
🔹 Unwavering dedication to precision and thoroughness in your work

🌟 Ready to Shape the Future? 🌟
If you are eager to be a driving force behind Large Language Model technology and thrive in an environment of innovation, we encourage you to consider this opportunity earnestly.

Contact: @ithr_alex","[
    {
        ""_"": ""MessageEntity"",
        ""type"": ""MessageEntityType.HASHTAG"",
        ""offset"": 0,
        ""length"": 8
    },
    {
        ""_"": ""MessageEntity"",
        ""type"": ""MessageEntityType.HASHTAG"",
        ""offset"": 9,
        ""length"": 9
    },
    {
        ""_"": ""MessageEntity"",
        ""type"": ""MessageEntityType.HASHTAG"",
        ""offset"": 19,
        ""length"": 3
    },
    {
        ""_"": ""MessageEntity"",
        ""type"": ""MessageEntityType.HASHTAG"",
        ""offset"": 23,
        ""length"": 4
    },
    {
        ""_"": ""MessageEntity"",
        ""type"": ""MessageEntityType.BOLD"",
        ""offset"": 29,
        ""length"": 8
    },
    {
        ""_"": ""MessageEntity"",
        ""type"": ""MessageEntityType.BOLD"",
        ""offset"": 56,
        ""length"": 9
    },
    {
        ""_"": ""MessageEntity"",
        ""type"": ""MessageEntityType.BOLD"",
        ""offset"": 2601,
        ""length"": 8
    },
    {
        ""_"": ""MessageEntity"",
        ""type"": ""MessageEntityType.MENTION"",
        ""offset"": 2610,
        ""length"": 10
    }
]"
"{
    ""_"": ""Chat"",
    ""id"": -1001321264581,
    ""type"": ""ChatType.CHANNEL"",
    ""is_verified"": false,
    ""is_restricted"": false,
    ""is_creator"": false,
    ""is_scam"": false,
    ""is_fake"": false,
    ""title"": ""Data Science Jobs / AI / NN / ML / DL / NLP"",
    ""username"": ""datasciencejobs"",
    ""photo"": {
        ""_"": ""ChatPhoto"",
        ""small_file_id"": ""AQADAgADrqcxG0_aIwwAEAIAAzsKmtwW____a6aamKv4ZPMABB4E"",
        ""small_photo_unique_id"": ""AgADrqcxG0_aIww"",
        ""big_file_id"": ""AQADAgADrqcxG0_aIwwAEAMAAzsKmtwW____a6aamKv4ZPMABB4E"",
        ""big_photo_unique_id"": ""AgADrqcxG0_aIww""
    },
    ""dc_id"": 2,
    ""has_protected_content"": false
}",1607,2023-08-16 13:21:45,,
"{
    ""_"": ""Chat"",
    ""id"": -1001321264581,
    ""type"": ""ChatType.CHANNEL"",
    ""is_verified"": false,
    ""is_restricted"": false,
    ""is_creator"": false,
    ""is_scam"": false,
    ""is_fake"": false,
    ""title"": ""Data Science Jobs / AI / NN / ML / DL / NLP"",
    ""username"": ""datasciencejobs"",
    ""photo"": {
        ""_"": ""ChatPhoto"",
        ""small_file_id"": ""AQADAgADrqcxG0_aIwwAEAIAAzsKmtwW____a6aamKv4ZPMABB4E"",
        ""small_photo_unique_id"": ""AgADrqcxG0_aIww"",
        ""big_file_id"": ""AQADAgADrqcxG0_aIwwAEAMAAzsKmtwW____a6aamKv4ZPMABB4E"",
        ""big_photo_unique_id"": ""AgADrqcxG0_aIww""
    },
    ""dc_id"": 2,
    ""has_protected_content"": false
}",1606,2023-08-15 21:31:54,"Data-инженер на проектную или частичную занятость🧠
Компания: Absolut POS
Формат: remote

Проект:
Система для аналитики данных ресторанов, использующих платформы IIKO и Absolut. В процессе разработки будет создана Data Warehouse (DWH) на базе Clickhouse для агрегации данных из тысяч заведений. 

Цели проекта:
- Отделить аналитические и операционные данные для обеспечения надежности, стабильности и скорости работы с данными;
- Обеспечить возможность хранить, обрабатывать данные из различных источников;
- Обеспечить возможность работать с новыми источниками данных без постоянного участия разработки;
- Возможность формировать новые отчеты по клиентам средствами BI-инструментов без участия разработки.

Ожидаемый результат:
- Данные из платформ IIKO и Absolut загружены и хранятся в Clickhouse DWH.
- Данные из внешних источников (погода, праздники, мероприятия) обогащаются и доступны для анализа.
- Данные из собственных источников (статистика из социальных сетей, рекламных платформ) подключены и доступны для анализа.
- Разработаны и настроены процессы ETL для загрузки и обработки данных.
- Автоматизированы процессы ETL с использованием Airflow.

План-минимум:
- Установить и настроить Clickhouse.
- Создать структуру базы данных в Clickhouse.
- Разработать процессы ETL для загрузки данных из платформ IIKO и Absolut в Clickhouse DWH.

🗒 Полное описание со схемой модуля - ссылка
💸 Оплату предлагаем обсуждать индивидуально, т.к. ставка зависит от формата/часов занятости.
📞 Для отклика просьба направить резюме @yacamillla","[
    {
        ""_"": ""MessageEntity"",
        ""type"": ""MessageEntityType.BOLD"",
        ""offset"": 0,
        ""length"": 49
    },
    {
        ""_"": ""MessageEntity"",
        ""type"": ""MessageEntityType.BOLD"",
        ""offset"": 52,
        ""length"": 9
    },
    {
        ""_"": ""MessageEntity"",
        ""type"": ""MessageEntityType.BOLD"",
        ""offset"": 74,
        ""length"": 7
    },
    {
        ""_"": ""MessageEntity"",
        ""type"": ""MessageEntityType.BOLD"",
        ""offset"": 90,
        ""length"": 8
    },
    {
        ""_"": ""MessageEntity"",
        ""type"": ""MessageEntityType.BOLD"",
        ""offset"": 297,
        ""length"": 12
    },
    {
        ""_"": ""MessageEntity"",
        ""type"": ""MessageEntityType.BOLD"",
        ""offset"": 708,
        ""length"": 21
    },
    {
        ""_"": ""MessageEntity"",
        ""type"": ""MessageEntityType.BOLD"",
        ""offset"": 1158,
        ""length"": 14
    },
    {
        ""_"": ""MessageEntity"",
        ""type"": ""MessageEntityType.BOLD"",
        ""offset"": 1358,
        ""length"": 8
    },
    {
        ""_"": ""MessageEntity"",
        ""type"": ""MessageEntityType.TEXT_LINK"",
        ""offset"": 1386,
        ""length"": 7,
        ""url"": ""https://www.notion.so/nomia2/becfc489bf81433d8d758ccd1f3ee061""
    },
    {
        ""_"": ""MessageEntity"",
        ""type"": ""MessageEntityType.BOLD"",
        ""offset"": 1396,
        ""length"": 6
    },
    {
        ""_"": ""MessageEntity"",
        ""type"": ""MessageEntityType.BOLD"",
        ""offset"": 1494,
        ""length"": 7
    },
    {
        ""_"": ""MessageEntity"",
        ""type"": ""MessageEntityType.MENTION"",
        ""offset"": 1527,
        ""length"": 11
    }
]"
"{
    ""_"": ""Chat"",
    ""id"": -1001321264581,
    ""type"": ""ChatType.CHANNEL"",
    ""is_verified"": false,
    ""is_restricted"": false,
    ""is_creator"": false,
    ""is_scam"": false,
    ""is_fake"": false,
    ""title"": ""Data Science Jobs / AI / NN / ML / DL / NLP"",
    ""username"": ""datasciencejobs"",
    ""photo"": {
        ""_"": ""ChatPhoto"",
        ""small_file_id"": ""AQADAgADrqcxG0_aIwwAEAIAAzsKmtwW____a6aamKv4ZPMABB4E"",
        ""small_photo_unique_id"": ""AgADrqcxG0_aIww"",
        ""big_file_id"": ""AQADAgADrqcxG0_aIwwAEAMAAzsKmtwW____a6aamKv4ZPMABB4E"",
        ""big_photo_unique_id"": ""AgADrqcxG0_aIww""
    },
    ""dc_id"": 2,
    ""has_protected_content"": false
}",1605,2023-08-15 09:02:12,,
"{
    ""_"": ""Chat"",
    ""id"": -1001321264581,
    ""type"": ""ChatType.CHANNEL"",
    ""is_verified"": false,
    ""is_restricted"": false,
    ""is_creator"": false,
    ""is_scam"": false,
    ""is_fake"": false,
    ""title"": ""Data Science Jobs / AI / NN / ML / DL / NLP"",
    ""username"": ""datasciencejobs"",
    ""photo"": {
        ""_"": ""ChatPhoto"",
        ""small_file_id"": ""AQADAgADrqcxG0_aIwwAEAIAAzsKmtwW____a6aamKv4ZPMABB4E"",
        ""small_photo_unique_id"": ""AgADrqcxG0_aIww"",
        ""big_file_id"": ""AQADAgADrqcxG0_aIwwAEAMAAzsKmtwW____a6aamKv4ZPMABB4E"",
        ""big_photo_unique_id"": ""AgADrqcxG0_aIww""
    },
    ""dc_id"": 2,
    ""has_protected_content"": false
}",1604,2023-08-14 10:42:29,"#вакансия #удаленка (можно не из РФ)

от 350 к. на руки
Для построения DWH (строим с нуля) в крупном ретейлере ВкусВилл нужен сильный разраб. По части DWH нам помогает Голов Николай (Дата Волт). Строим на Гринпламе 6.23, планируем, впоследствии, на 7.

Стак маст хэв:
- pyspark (пока питонячий, ибо в самом начале внедрения)
  залив логов в стейдж, парсинг логов, нужна отладка для многопоточной обработки с гринпламовским спарк коннектором.
- Airflow. У нас много разных Аирфлоу, и есть даже один NiFi, но он не вывозит
- сильный Python. Ибо ного Аирфлоу.

Будет плюсом:
- Kafka. Вычитываем из неё всякими разными способами, потому что спарк тольком ещё не освоили.
- dbt. у нас есть полтора человека, которые некоторые части дата волта собирают этой тулой, будет неплохо их усилить.
- Greenplum
- Clickhouse
- опыт с Data Vault
- Debezium. Есть в мыслях.

Если ваш пул несколько шире, и вы считаете, что нужно предложить зп повыше - это обсуждаемо. Я участвую в собеседованиях, можем заранее в личке познакомиться)
@rpuropu","[
    {
        ""_"": ""MessageEntity"",
        ""type"": ""MessageEntityType.HASHTAG"",
        ""offset"": 0,
        ""length"": 9
    },
    {
        ""_"": ""MessageEntity"",
        ""type"": ""MessageEntityType.HASHTAG"",
        ""offset"": 10,
        ""length"": 9
    },
    {
        ""_"": ""MessageEntity"",
        ""type"": ""MessageEntityType.BOLD"",
        ""offset"": 270,
        ""length"": 7
    },
    {
        ""_"": ""MessageEntity"",
        ""type"": ""MessageEntityType.BOLD"",
        ""offset"": 444,
        ""length"": 7
    },
    {
        ""_"": ""MessageEntity"",
        ""type"": ""MessageEntityType.BOLD"",
        ""offset"": 531,
        ""length"": 6
    },
    {
        ""_"": ""MessageEntity"",
        ""type"": ""MessageEntityType.BOLD"",
        ""offset"": 574,
        ""length"": 5
    },
    {
        ""_"": ""MessageEntity"",
        ""type"": ""MessageEntityType.BOLD"",
        ""offset"": 669,
        ""length"": 3
    },
    {
        ""_"": ""MessageEntity"",
        ""type"": ""MessageEntityType.BOLD"",
        ""offset"": 787,
        ""length"": 10
    },
    {
        ""_"": ""MessageEntity"",
        ""type"": ""MessageEntityType.BOLD"",
        ""offset"": 799,
        ""length"": 11
    },
    {
        ""_"": ""MessageEntity"",
        ""type"": ""MessageEntityType.BOLD"",
        ""offset"": 819,
        ""length"": 11
    },
    {
        ""_"": ""MessageEntity"",
        ""type"": ""MessageEntityType.BOLD"",
        ""offset"": 832,
        ""length"": 10
    },
    {
        ""_"": ""MessageEntity"",
        ""type"": ""MessageEntityType.MENTION"",
        ""offset"": 1017,
        ""length"": 8
    }
]"
"{
    ""_"": ""Chat"",
    ""id"": -1001321264581,
    ""type"": ""ChatType.CHANNEL"",
    ""is_verified"": false,
    ""is_restricted"": false,
    ""is_creator"": false,
    ""is_scam"": false,
    ""is_fake"": false,
    ""title"": ""Data Science Jobs / AI / NN / ML / DL / NLP"",
    ""username"": ""datasciencejobs"",
    ""photo"": {
        ""_"": ""ChatPhoto"",
        ""small_file_id"": ""AQADAgADrqcxG0_aIwwAEAIAAzsKmtwW____a6aamKv4ZPMABB4E"",
        ""small_photo_unique_id"": ""AgADrqcxG0_aIww"",
        ""big_file_id"": ""AQADAgADrqcxG0_aIwwAEAMAAzsKmtwW____a6aamKv4ZPMABB4E"",
        ""big_photo_unique_id"": ""AgADrqcxG0_aIww""
    },
    ""dc_id"": 2,
    ""has_protected_content"": false
}",1603,2023-08-13 08:30:58,"#vacancy #remote #datadeveloper #sql 

Международная компания, которая предоставляет уникальные решения для B2B в сфере Gambling и запустила более 15 брендов Online Casino и Sportsbook находится в поиске опытного Data SQL Developer, который расширит возможности компании по составлению отчетов и получит важные сведения, способствующие дальнейшему росту и успеху компании.

Локация: позиция полностью удаленная
Вилка: до 4000$

Чем предстоит заниматься: 

📉 анализировать SQL-запросы и базы данных для создания полноценных и информативных отчетов;
📉 взаимодействовать с клиентами для понимания их индивидуальных запросов и требований к отчетности;
📉 создание информационных панелей и подключение источников данных к выбранной платформе.

Требования:

📈 уверенный опыт использования PowerBI, FineBI, Tableau или аналогичных инструментов;
📈  опыта создания и поддержки SQL-запросов, включая методы оптимизации запросов от 3+ лет;
📈 знание и опыт работы с MongoDB;
📈 опыт анализа SQL-запросов и наборов данных для создания отчетов;
📈 умение создавать четкие и информативные визуализации данных;
📈 опыт работы в сфере Gambling/FinTech.

Отклики: @tatianushka05 📩","[
    {
        ""_"": ""MessageEntity"",
        ""type"": ""MessageEntityType.HASHTAG"",
        ""offset"": 0,
        ""length"": 8
    },
    {
        ""_"": ""MessageEntity"",
        ""type"": ""MessageEntityType.HASHTAG"",
        ""offset"": 9,
        ""length"": 7
    },
    {
        ""_"": ""MessageEntity"",
        ""type"": ""MessageEntityType.HASHTAG"",
        ""offset"": 17,
        ""length"": 14
    },
    {
        ""_"": ""MessageEntity"",
        ""type"": ""MessageEntityType.HASHTAG"",
        ""offset"": 32,
        ""length"": 4
    },
    {
        ""_"": ""MessageEntity"",
        ""type"": ""MessageEntityType.BOLD"",
        ""offset"": 213,
        ""length"": 17
    },
    {
        ""_"": ""MessageEntity"",
        ""type"": ""MessageEntityType.BOLD"",
        ""offset"": 374,
        ""length"": 8
    },
    {
        ""_"": ""MessageEntity"",
        ""type"": ""MessageEntityType.BOLD"",
        ""offset"": 411,
        ""length"": 6
    },
    {
        ""_"": ""MessageEntity"",
        ""type"": ""MessageEntityType.BOLD"",
        ""offset"": 428,
        ""length"": 28
    },
    {
        ""_"": ""MessageEntity"",
        ""type"": ""MessageEntityType.BOLD"",
        ""offset"": 741,
        ""length"": 13
    },
    {
        ""_"": ""MessageEntity"",
        ""type"": ""MessageEntityType.BOLD"",
        ""offset"": 1142,
        ""length"": 8
    },
    {
        ""_"": ""MessageEntity"",
        ""type"": ""MessageEntityType.MENTION"",
        ""offset"": 1151,
        ""length"": 14
    }
]"
"{
    ""_"": ""Chat"",
    ""id"": -1001321264581,
    ""type"": ""ChatType.CHANNEL"",
    ""is_verified"": false,
    ""is_restricted"": false,
    ""is_creator"": false,
    ""is_scam"": false,
    ""is_fake"": false,
    ""title"": ""Data Science Jobs / AI / NN / ML / DL / NLP"",
    ""username"": ""datasciencejobs"",
    ""photo"": {
        ""_"": ""ChatPhoto"",
        ""small_file_id"": ""AQADAgADrqcxG0_aIwwAEAIAAzsKmtwW____a6aamKv4ZPMABB4E"",
        ""small_photo_unique_id"": ""AgADrqcxG0_aIww"",
        ""big_file_id"": ""AQADAgADrqcxG0_aIwwAEAMAAzsKmtwW____a6aamKv4ZPMABB4E"",
        ""big_photo_unique_id"": ""AgADrqcxG0_aIww""
    },
    ""dc_id"": 2,
    ""has_protected_content"": false
}",1602,2023-08-12 08:20:42,"#вакансия #удалённо #parttime #DWH #преподаватель

Время делиться знаниями!

OTUS – образовательная платформа. У нас авторские курсы разной степени сложности, вступительное тестирование для студентов и преподаватели-практики из крупнейших компаний. 6 лет мы учимся друг у друга, советуемся, помогаем, делимся опытом и обсуждаем новости как в преподавании, так и в IT.

Вакансия: преподаватель онлайн-курса Data Warehouse Analyst

Знание/опыт работы с DBT будет плюсом. 
Можно без опыта преподавания, мы поможем вам освоить best practices. 

Преподаватель раскрывает тему с помощью теории и примеров из практики. Занятия в zoom c 20:00 до 21:30. Можно выбрать удобную нагрузку и темы занятий.

С нами вы сможете ✅
- структурировать свой опыт и знания;
- прокачать софт-скиллы;
- получать 4000-6000 руб. за один вебинар + есть дополнительные активности на ваше усмотрение.

Бонусы 🎁
- наши курсы со скидкой/бесплатно;
- можно приглашать лучших выпускников к себе на работу;
- воркшопы и конференции для наших преподавателей.

Обсудить подробнее @yu_grin","[
    {
        ""_"": ""MessageEntity"",
        ""type"": ""MessageEntityType.HASHTAG"",
        ""offset"": 0,
        ""length"": 9
    },
    {
        ""_"": ""MessageEntity"",
        ""type"": ""MessageEntityType.HASHTAG"",
        ""offset"": 10,
        ""length"": 9
    },
    {
        ""_"": ""MessageEntity"",
        ""type"": ""MessageEntityType.HASHTAG"",
        ""offset"": 20,
        ""length"": 9
    },
    {
        ""_"": ""MessageEntity"",
        ""type"": ""MessageEntityType.HASHTAG"",
        ""offset"": 30,
        ""length"": 4
    },
    {
        ""_"": ""MessageEntity"",
        ""type"": ""MessageEntityType.HASHTAG"",
        ""offset"": 35,
        ""length"": 14
    },
    {
        ""_"": ""MessageEntity"",
        ""type"": ""MessageEntityType.BOLD"",
        ""offset"": 51,
        ""length"": 26
    },
    {
        ""_"": ""MessageEntity"",
        ""type"": ""MessageEntityType.BOLD"",
        ""offset"": 369,
        ""length"": 9
    },
    {
        ""_"": ""MessageEntity"",
        ""type"": ""MessageEntityType.BOLD"",
        ""offset"": 693,
        ""length"": 17
    },
    {
        ""_"": ""MessageEntity"",
        ""type"": ""MessageEntityType.PHONE_NUMBER"",
        ""offset"": 787,
        ""length"": 9
    },
    {
        ""_"": ""MessageEntity"",
        ""type"": ""MessageEntityType.BOLD"",
        ""offset"": 872,
        ""length"": 7
    },
    {
        ""_"": ""MessageEntity"",
        ""type"": ""MessageEntityType.BOLD"",
        ""offset"": 1025,
        ""length"": 19
    },
    {
        ""_"": ""MessageEntity"",
        ""type"": ""MessageEntityType.MENTION"",
        ""offset"": 1044,
        ""length"": 8
    }
]"
"{
    ""_"": ""Chat"",
    ""id"": -1001321264581,
    ""type"": ""ChatType.CHANNEL"",
    ""is_verified"": false,
    ""is_restricted"": false,
    ""is_creator"": false,
    ""is_scam"": false,
    ""is_fake"": false,
    ""title"": ""Data Science Jobs / AI / NN / ML / DL / NLP"",
    ""username"": ""datasciencejobs"",
    ""photo"": {
        ""_"": ""ChatPhoto"",
        ""small_file_id"": ""AQADAgADrqcxG0_aIwwAEAIAAzsKmtwW____a6aamKv4ZPMABB4E"",
        ""small_photo_unique_id"": ""AgADrqcxG0_aIww"",
        ""big_file_id"": ""AQADAgADrqcxG0_aIwwAEAMAAzsKmtwW____a6aamKv4ZPMABB4E"",
        ""big_photo_unique_id"": ""AgADrqcxG0_aIww""
    },
    ""dc_id"": 2,
    ""has_protected_content"": false
}",1601,2023-08-11 09:03:43,"Привет) Меня зовут Алина, я hr Okko) 
Okko ищет Senior Data Scientist RecSys
#вакансия #vacancy #datascientist #datascience #ml #machinelearning #dl #мск #спб #гибрид #hybrid #remote #удаленка

Мы создаём рекомендательную систему, которая является одним из ключевых ML–сервисов в Okko. 
Простые задачи мы уже решили, остались интересные. Поэтому мы ищем специалиста с обширным опытом работы.
ЗП: 400 000 - 500 000 gross (с успешным кандидатом готовые обсуждать)
Формат работы: предпочтительно гибрид (офисы в Мск и Спб)

🟣Обязанности: 
▫️исследование применимости различных алгоритмов в рекомендательной системе;
▫️моделирование входных данных;
▫️имплементация исследованных моделей.
🟣Что мы используем:
▫️Python (sklearn, catboost, xgboost, seaborn, numpy, scipy, statsmodels);
▫️Базы данных и SQL: Trino, ClickHouse, PostgreSQL, Redis, etc.;
▫️Для автоматизации процессов: Airflow, FlaskAPI/FastAPI, Python демоны;
▫️BI-инструменты: Splunk;
▫️Bitbucket, Jira, Confluence.
🟣Требования:
▫️знание основ статистики;
▫️понимание классических ML-алгоритмов;
▫️опыт и понимание в DL (предпочтительнее pytorch);
▫️понимание процесса исследования и внедрения ML-моделей;
▫️навыки презентации результатов – упрощать несущественные детали, оставляя суть;
▫️способность проанализировать статьи и имплементировать описываемые алгоритмы;
▫️знание SOTA в рекомендательных системах;
▫️знания Python3.7+.
🟣Будет плюсом: Computer Vision или NLP.
🟣Условия:
▫️топовое оборудование и весь необходимый софт;
▫️официальное трудоустройство, достойная и полностью белая заработная плата;
▫️ДМС со стоматологией, офисный врач, доплата больничного листа, корпоративные скидки;
▫️льготные условия ипотеки в рамках зарплатного проекта;
▫️бесплатная подписка на сервисы партнеров;
▫️работа в сильной команде, состоящей из топовых аналитиков, аналитиков-разработчиков и инженеров.

 Если позиция интересна, тогда пиши нашему hr @alina_katkova 😊","[
    {
        ""_"": ""MessageEntity"",
        ""type"": ""MessageEntityType.BOLD"",
        ""offset"": 48,
        ""length"": 29
    },
    {
        ""_"": ""MessageEntity"",
        ""type"": ""MessageEntityType.HASHTAG"",
        ""offset"": 77,
        ""length"": 9
    },
    {
        ""_"": ""MessageEntity"",
        ""type"": ""MessageEntityType.HASHTAG"",
        ""offset"": 87,
        ""length"": 8
    },
    {
        ""_"": ""MessageEntity"",
        ""type"": ""MessageEntityType.HASHTAG"",
        ""offset"": 96,
        ""length"": 14
    },
    {
        ""_"": ""MessageEntity"",
        ""type"": ""MessageEntityType.HASHTAG"",
        ""offset"": 111,
        ""length"": 12
    },
    {
        ""_"": ""MessageEntity"",
        ""type"": ""MessageEntityType.HASHTAG"",
        ""offset"": 124,
        ""length"": 3
    },
    {
        ""_"": ""MessageEntity"",
        ""type"": ""MessageEntityType.HASHTAG"",
        ""offset"": 128,
        ""length"": 16
    },
    {
        ""_"": ""MessageEntity"",
        ""type"": ""MessageEntityType.BOLD"",
        ""offset"": 144,
        ""length"": 1
    },
    {
        ""_"": ""MessageEntity"",
        ""type"": ""MessageEntityType.HASHTAG"",
        ""offset"": 145,
        ""length"": 3
    },
    {
        ""_"": ""MessageEntity"",
        ""type"": ""MessageEntityType.HASHTAG"",
        ""offset"": 149,
        ""length"": 4
    },
    {
        ""_"": ""MessageEntity"",
        ""type"": ""MessageEntityType.HASHTAG"",
        ""offset"": 154,
        ""length"": 4
    },
    {
        ""_"": ""MessageEntity"",
        ""type"": ""MessageEntityType.HASHTAG"",
        ""offset"": 159,
        ""length"": 7
    },
    {
        ""_"": ""MessageEntity"",
        ""type"": ""MessageEntityType.HASHTAG"",
        ""offset"": 167,
        ""length"": 7
    },
    {
        ""_"": ""MessageEntity"",
        ""type"": ""MessageEntityType.HASHTAG"",
        ""offset"": 175,
        ""length"": 7
    },
    {
        ""_"": ""MessageEntity"",
        ""type"": ""MessageEntityType.HASHTAG"",
        ""offset"": 183,
        ""length"": 9
    },
    {
        ""_"": ""MessageEntity"",
        ""type"": ""MessageEntityType.MENTION"",
        ""offset"": 1904,
        ""length"": 14
    }
]"
"{
    ""_"": ""Chat"",
    ""id"": -1001321264581,
    ""type"": ""ChatType.CHANNEL"",
    ""is_verified"": false,
    ""is_restricted"": false,
    ""is_creator"": false,
    ""is_scam"": false,
    ""is_fake"": false,
    ""title"": ""Data Science Jobs / AI / NN / ML / DL / NLP"",
    ""username"": ""datasciencejobs"",
    ""photo"": {
        ""_"": ""ChatPhoto"",
        ""small_file_id"": ""AQADAgADrqcxG0_aIwwAEAIAAzsKmtwW____a6aamKv4ZPMABB4E"",
        ""small_photo_unique_id"": ""AgADrqcxG0_aIww"",
        ""big_file_id"": ""AQADAgADrqcxG0_aIwwAEAMAAzsKmtwW____a6aamKv4ZPMABB4E"",
        ""big_photo_unique_id"": ""AgADrqcxG0_aIww""
    },
    ""dc_id"": 2,
    ""has_protected_content"": false
}",1600,2023-08-10 19:02:25,,
"{
    ""_"": ""Chat"",
    ""id"": -1001321264581,
    ""type"": ""ChatType.CHANNEL"",
    ""is_verified"": false,
    ""is_restricted"": false,
    ""is_creator"": false,
    ""is_scam"": false,
    ""is_fake"": false,
    ""title"": ""Data Science Jobs / AI / NN / ML / DL / NLP"",
    ""username"": ""datasciencejobs"",
    ""photo"": {
        ""_"": ""ChatPhoto"",
        ""small_file_id"": ""AQADAgADrqcxG0_aIwwAEAIAAzsKmtwW____a6aamKv4ZPMABB4E"",
        ""small_photo_unique_id"": ""AgADrqcxG0_aIww"",
        ""big_file_id"": ""AQADAgADrqcxG0_aIwwAEAMAAzsKmtwW____a6aamKv4ZPMABB4E"",
        ""big_photo_unique_id"": ""AgADrqcxG0_aIww""
    },
    ""dc_id"": 2,
    ""has_protected_content"": false
}",1599,2023-08-10 08:20:46,"Команда Skillbox в поиске спикера на курс «Data Engineer». 
В данный момент мы в процессе записи новой профессии и у вас есть возможность приложить руку к продукту, который позволит начинающим специалистам освоить навыки работы с данными.

Чем предстоит заниматься:
 • Готовить учебные материалы к съемкам видеоуроков (планы модулей, сценарии, презентации);
 • Готовить дополнительные материалы к модулям (наборы заданий, инструкции проверяющим преподавателям и т.д.);
 • Участвовать в съемках видеоуроков в качестве спикера, очно в студии и дистанционно;
 • Взаимодействова с командой по улучшению и исправлению уже созданных материалов.
Программы курсов разрабатываются совместно нашими методистами и программными директорами. Можно выбрать несколько наиболее релевантных опыту модулей.

Примерные знания, которые мы ждём:
 • Знание Spark — Dataframe, Hive;
 • Хранилища данных для аналитики, работа с аналитическими базами данных;
 • Построение Data Lake;
 • Управление ETL-процессами с помощью Airflow; ClickHouse;
 • Построение DWH, работа с DWH;
 • Контроль качества данных и загрузка качественных данных;
Необязательно обладать всеми вышеперечисленными навыками, мы готовы рассмотреть специалистов с экспертизой даже в одной теме.

Что мы предлагаем:
 • Работать из любой точки мира, совмещая с осовной работой;
 • Возможность окунуться в образовательный процесс и прокачать методический навык, умение доносить информацию и объяснять сложное простыми словами.
 • Возможность прокачаться как спикер.
 • Денежное вознаграждение обсуждаем индивидуально вашим запросам. 
 • Возможность участвовать в проектах внутри Медиа, вебинарах и других мероприятиях Skillbox.

Заинтересовало? Пиши @MaryaVolkova","[
    {
        ""_"": ""MessageEntity"",
        ""type"": ""MessageEntityType.BOLD"",
        ""offset"": 0,
        ""length"": 16
    },
    {
        ""_"": ""MessageEntity"",
        ""type"": ""MessageEntityType.BOLD"",
        ""offset"": 42,
        ""length"": 15
    },
    {
        ""_"": ""MessageEntity"",
        ""type"": ""MessageEntityType.BOLD"",
        ""offset"": 240,
        ""length"": 26
    },
    {
        ""_"": ""MessageEntity"",
        ""type"": ""MessageEntityType.BOLD"",
        ""offset"": 790,
        ""length"": 35
    },
    {
        ""_"": ""MessageEntity"",
        ""type"": ""MessageEntityType.BOLD"",
        ""offset"": 1239,
        ""length"": 19
    },
    {
        ""_"": ""MessageEntity"",
        ""type"": ""MessageEntityType.BOLD"",
        ""offset"": 1685,
        ""length"": 5
    },
    {
        ""_"": ""MessageEntity"",
        ""type"": ""MessageEntityType.MENTION"",
        ""offset"": 1690,
        ""length"": 13
    },
    {
        ""_"": ""MessageEntity"",
        ""type"": ""MessageEntityType.BOLD"",
        ""offset"": 1690,
        ""length"": 13
    }
]"
"{
    ""_"": ""Chat"",
    ""id"": -1001321264581,
    ""type"": ""ChatType.CHANNEL"",
    ""is_verified"": false,
    ""is_restricted"": false,
    ""is_creator"": false,
    ""is_scam"": false,
    ""is_fake"": false,
    ""title"": ""Data Science Jobs / AI / NN / ML / DL / NLP"",
    ""username"": ""datasciencejobs"",
    ""photo"": {
        ""_"": ""ChatPhoto"",
        ""small_file_id"": ""AQADAgADrqcxG0_aIwwAEAIAAzsKmtwW____a6aamKv4ZPMABB4E"",
        ""small_photo_unique_id"": ""AgADrqcxG0_aIww"",
        ""big_file_id"": ""AQADAgADrqcxG0_aIwwAEAMAAzsKmtwW____a6aamKv4ZPMABB4E"",
        ""big_photo_unique_id"": ""AgADrqcxG0_aIww""
    },
    ""dc_id"": 2,
    ""has_protected_content"": false
}",1598,2023-08-09 20:01:22,,
"{
    ""_"": ""Chat"",
    ""id"": -1001321264581,
    ""type"": ""ChatType.CHANNEL"",
    ""is_verified"": false,
    ""is_restricted"": false,
    ""is_creator"": false,
    ""is_scam"": false,
    ""is_fake"": false,
    ""title"": ""Data Science Jobs / AI / NN / ML / DL / NLP"",
    ""username"": ""datasciencejobs"",
    ""photo"": {
        ""_"": ""ChatPhoto"",
        ""small_file_id"": ""AQADAgADrqcxG0_aIwwAEAIAAzsKmtwW____a6aamKv4ZPMABB4E"",
        ""small_photo_unique_id"": ""AgADrqcxG0_aIww"",
        ""big_file_id"": ""AQADAgADrqcxG0_aIwwAEAMAAzsKmtwW____a6aamKv4ZPMABB4E"",
        ""big_photo_unique_id"": ""AgADrqcxG0_aIww""
    },
    ""dc_id"": 2,
    ""has_protected_content"": false
}",1597,2023-08-09 14:02:32,"А в вашей компании работают технологии ИИ?

С 2021 года в России при поддержке Правительства рассчитывается индекс готовности отраслей экономики к внедрению искусственного интеллекта. Результаты исследований предыдущих годов уже позволили определить текущий уровень использования ИИ организациями, выявить факторы, препятствующие масштабному внедрению ИИ, а также разработать эффективные меры по их устранению.

В 2023 году может быть услышана и Ваша организация: ВЦИОМ и Национальный центр развития искусственного интеллекта при Правительстве Российской Федерации (НЦРИИ) приглашают принять участие в онлайн-опросе, который поможет составить индекс готовности отраслей экономики к внедрению искусственного интеллекта на текущий момент.

Исследование конфиденциально, результаты опроса будут использованы только в обобщенном виде и размещены на Национальном портале в сфере искусственного интеллекта: https://ai.gov.ru/ 

Опрос проводится до 31 августа 2023 года. 

Для участия в опросе предлагаем заполнить онлайн-анкету по ссылке: https://aibe.wciom.ru/","[
    {
        ""_"": ""MessageEntity"",
        ""type"": ""MessageEntityType.BOLD"",
        ""offset"": 0,
        ""length"": 44
    },
    {
        ""_"": ""MessageEntity"",
        ""type"": ""MessageEntityType.TEXT_LINK"",
        ""offset"": 65,
        ""length"": 27,
        ""url"": ""http://government.ru/news/49176/""
    },
    {
        ""_"": ""MessageEntity"",
        ""type"": ""MessageEntityType.TEXT_LINK"",
        ""offset"": 184,
        ""length"": 40,
        ""url"": ""https://ai.gov.ru/upload/iblock/c16/xyvmsh4hgi850ninjhq90xi4t6yggu8c.pdf""
    },
    {
        ""_"": ""MessageEntity"",
        ""type"": ""MessageEntityType.TEXT_LINK"",
        ""offset"": 901,
        ""length"": 21,
        ""url"": ""https://ai.gov.ru/%C2%A0""
    },
    {
        ""_"": ""MessageEntity"",
        ""type"": ""MessageEntityType.BOLD"",
        ""offset"": 966,
        ""length"": 66
    },
    {
        ""_"": ""MessageEntity"",
        ""type"": ""MessageEntityType.TEXT_LINK"",
        ""offset"": 1033,
        ""length"": 22,
        ""url"": ""https://aibe.wciom.ru/""
    }
]"
"{
    ""_"": ""Chat"",
    ""id"": -1001321264581,
    ""type"": ""ChatType.CHANNEL"",
    ""is_verified"": false,
    ""is_restricted"": false,
    ""is_creator"": false,
    ""is_scam"": false,
    ""is_fake"": false,
    ""title"": ""Data Science Jobs / AI / NN / ML / DL / NLP"",
    ""username"": ""datasciencejobs"",
    ""photo"": {
        ""_"": ""ChatPhoto"",
        ""small_file_id"": ""AQADAgADrqcxG0_aIwwAEAIAAzsKmtwW____a6aamKv4ZPMABB4E"",
        ""small_photo_unique_id"": ""AgADrqcxG0_aIww"",
        ""big_file_id"": ""AQADAgADrqcxG0_aIwwAEAMAAzsKmtwW____a6aamKv4ZPMABB4E"",
        ""big_photo_unique_id"": ""AgADrqcxG0_aIww""
    },
    ""dc_id"": 2,
    ""has_protected_content"": false
}",1596,2023-08-09 10:48:00,,
"{
    ""_"": ""Chat"",
    ""id"": -1001321264581,
    ""type"": ""ChatType.CHANNEL"",
    ""is_verified"": false,
    ""is_restricted"": false,
    ""is_creator"": false,
    ""is_scam"": false,
    ""is_fake"": false,
    ""title"": ""Data Science Jobs / AI / NN / ML / DL / NLP"",
    ""username"": ""datasciencejobs"",
    ""photo"": {
        ""_"": ""ChatPhoto"",
        ""small_file_id"": ""AQADAgADrqcxG0_aIwwAEAIAAzsKmtwW____a6aamKv4ZPMABB4E"",
        ""small_photo_unique_id"": ""AgADrqcxG0_aIww"",
        ""big_file_id"": ""AQADAgADrqcxG0_aIwwAEAMAAzsKmtwW____a6aamKv4ZPMABB4E"",
        ""big_photo_unique_id"": ""AgADrqcxG0_aIww""
    },
    ""dc_id"": 2,
    ""has_protected_content"": false
}",1595,2023-08-09 10:48:00,,
"{
    ""_"": ""Chat"",
    ""id"": -1001321264581,
    ""type"": ""ChatType.CHANNEL"",
    ""is_verified"": false,
    ""is_restricted"": false,
    ""is_creator"": false,
    ""is_scam"": false,
    ""is_fake"": false,
    ""title"": ""Data Science Jobs / AI / NN / ML / DL / NLP"",
    ""username"": ""datasciencejobs"",
    ""photo"": {
        ""_"": ""ChatPhoto"",
        ""small_file_id"": ""AQADAgADrqcxG0_aIwwAEAIAAzsKmtwW____a6aamKv4ZPMABB4E"",
        ""small_photo_unique_id"": ""AgADrqcxG0_aIww"",
        ""big_file_id"": ""AQADAgADrqcxG0_aIwwAEAMAAzsKmtwW____a6aamKv4ZPMABB4E"",
        ""big_photo_unique_id"": ""AgADrqcxG0_aIww""
    },
    ""dc_id"": 2,
    ""has_protected_content"": false
}",1594,2023-08-09 10:48:00,,
"{
    ""_"": ""Chat"",
    ""id"": -1001321264581,
    ""type"": ""ChatType.CHANNEL"",
    ""is_verified"": false,
    ""is_restricted"": false,
    ""is_creator"": false,
    ""is_scam"": false,
    ""is_fake"": false,
    ""title"": ""Data Science Jobs / AI / NN / ML / DL / NLP"",
    ""username"": ""datasciencejobs"",
    ""photo"": {
        ""_"": ""ChatPhoto"",
        ""small_file_id"": ""AQADAgADrqcxG0_aIwwAEAIAAzsKmtwW____a6aamKv4ZPMABB4E"",
        ""small_photo_unique_id"": ""AgADrqcxG0_aIww"",
        ""big_file_id"": ""AQADAgADrqcxG0_aIwwAEAMAAzsKmtwW____a6aamKv4ZPMABB4E"",
        ""big_photo_unique_id"": ""AgADrqcxG0_aIww""
    },
    ""dc_id"": 2,
    ""has_protected_content"": false
}",1593,2023-08-09 10:48:00,,
"{
    ""_"": ""Chat"",
    ""id"": -1001321264581,
    ""type"": ""ChatType.CHANNEL"",
    ""is_verified"": false,
    ""is_restricted"": false,
    ""is_creator"": false,
    ""is_scam"": false,
    ""is_fake"": false,
    ""title"": ""Data Science Jobs / AI / NN / ML / DL / NLP"",
    ""username"": ""datasciencejobs"",
    ""photo"": {
        ""_"": ""ChatPhoto"",
        ""small_file_id"": ""AQADAgADrqcxG0_aIwwAEAIAAzsKmtwW____a6aamKv4ZPMABB4E"",
        ""small_photo_unique_id"": ""AgADrqcxG0_aIww"",
        ""big_file_id"": ""AQADAgADrqcxG0_aIwwAEAMAAzsKmtwW____a6aamKv4ZPMABB4E"",
        ""big_photo_unique_id"": ""AgADrqcxG0_aIww""
    },
    ""dc_id"": 2,
    ""has_protected_content"": false
}",1592,2023-08-09 10:48:00,,
"{
    ""_"": ""Chat"",
    ""id"": -1001321264581,
    ""type"": ""ChatType.CHANNEL"",
    ""is_verified"": false,
    ""is_restricted"": false,
    ""is_creator"": false,
    ""is_scam"": false,
    ""is_fake"": false,
    ""title"": ""Data Science Jobs / AI / NN / ML / DL / NLP"",
    ""username"": ""datasciencejobs"",
    ""photo"": {
        ""_"": ""ChatPhoto"",
        ""small_file_id"": ""AQADAgADrqcxG0_aIwwAEAIAAzsKmtwW____a6aamKv4ZPMABB4E"",
        ""small_photo_unique_id"": ""AgADrqcxG0_aIww"",
        ""big_file_id"": ""AQADAgADrqcxG0_aIwwAEAMAAzsKmtwW____a6aamKv4ZPMABB4E"",
        ""big_photo_unique_id"": ""AgADrqcxG0_aIww""
    },
    ""dc_id"": 2,
    ""has_protected_content"": false
}",1591,2023-08-09 10:48:00,,
"{
    ""_"": ""Chat"",
    ""id"": -1001321264581,
    ""type"": ""ChatType.CHANNEL"",
    ""is_verified"": false,
    ""is_restricted"": false,
    ""is_creator"": false,
    ""is_scam"": false,
    ""is_fake"": false,
    ""title"": ""Data Science Jobs / AI / NN / ML / DL / NLP"",
    ""username"": ""datasciencejobs"",
    ""photo"": {
        ""_"": ""ChatPhoto"",
        ""small_file_id"": ""AQADAgADrqcxG0_aIwwAEAIAAzsKmtwW____a6aamKv4ZPMABB4E"",
        ""small_photo_unique_id"": ""AgADrqcxG0_aIww"",
        ""big_file_id"": ""AQADAgADrqcxG0_aIwwAEAMAAzsKmtwW____a6aamKv4ZPMABB4E"",
        ""big_photo_unique_id"": ""AgADrqcxG0_aIww""
    },
    ""dc_id"": 2,
    ""has_protected_content"": false
}",1590,2023-08-08 12:55:29,,
